// GENERATED by tools/apbox-texture/convert.py -- do not edit by hand.
//
// The AP box face atlas: a 128x64 RGBA image compiled into the AP build, so
// the box has its own art instead of pixels harvested out of the player's
// retail game data. See tools/apbox-texture/README.md for the rect map, the
// source art and the license this art is used under.
//
// box_pink_highres_outer.png: 16x16, exact fit
// box_pink_highres_inner.png: 64x64, exact fit
// box_pink_lowres.png: 32x32, exact fit

#ifndef AP_BOX_TEXTURE_DATA_H
#define AP_BOX_TEXTURE_DATA_H

#define AP_BOX_TEXTURE_ATLAS_W 128
#define AP_BOX_TEXTURE_ATLAS_H 64

#define AP_BOX_TEXTURE_WOOD_X 0
#define AP_BOX_TEXTURE_WOOD_Y 0
#define AP_BOX_TEXTURE_WOOD_W 16
#define AP_BOX_TEXTURE_WOOD_H 16

#define AP_BOX_TEXTURE_FACE_X 16
#define AP_BOX_TEXTURE_FACE_Y 0
#define AP_BOX_TEXTURE_FACE_W 64
#define AP_BOX_TEXTURE_FACE_H 64

#define AP_BOX_TEXTURE_FACE_FAR_X 80
#define AP_BOX_TEXTURE_FACE_FAR_Y 0
#define AP_BOX_TEXTURE_FACE_FAR_W 32
#define AP_BOX_TEXTURE_FACE_FAR_H 32

// RGBA8, row-major from the top-left, alpha preserved from the source art.
static const unsigned char s_apBoxTextureAtlas[AP_BOX_TEXTURE_ATLAS_W * AP_BOX_TEXTURE_ATLAS_H * 4] = {
	0x9b,0x5a,0x86,0xff,0x9b,0x5a,0x86,0xff,0x9b,0x5a,0x86,0xff,0xf2,0x79,0xc8,0xff,
	0xf2,0x79,0xc8,0xff,0xfb,0x85,0xce,0xff,0xfb,0x85,0xce,0xff,0xfb,0x85,0xce,0xff,
	0xfb,0x85,0xce,0xff,0xf2,0x79,0xc8,0xff,0xf2,0x79,0xc8,0xff,0x9b,0x5a,0x86,0xff,
	0x9b,0x5a,0x86,0xff,0xd9,0x6d,0xb3,0xff,0xd9,0x6d,0xb3,0xff,0xff,0x00,0xff,0xff,
	0x9a,0x4d,0x7f,0xff,0x9a,0x4d,0x7f,0xff,0x9a,0x4d,0x7f,0xff,0x9a,0x4d,0x7f,0xff,
	0x9a,0x4d,0x7f,0xff,0x9a,0x4d,0x7f,0xff,0x9a,0x4d,0x7f,0xff,0x9a,0x4d,0x7f,0xff,
	0x9a,0x4d,0x7f,0xff,0x9a,0x4d,0x7f,0xff,0x9a,0x4d,0x7f,0xff,0x9a,0x4d,0x7f,0xff,
	0x9a,0x4d,0x7f,0xff,0x9a,0x4d,0x7f,0xff,0x9a,0x4d,0x7f,0xff,0x9a,0x4d,0x7f,0xff,
	0x9a,0x4d,0x7f,0xff,0x9a,0x4d,0x7f,0xff,0x9a,0x4d,0x7f,0xff,0x9a,0x4d,0x7f,0xff,
	0x9a,0x4d,0x7f,0xff,0x9a,0x4d,0x7f,0xff,0x9a,0x4d,0x7f,0xff,0x99,0x4c,0x7e,0xff,
	0x98,0x4c,0x7d,0xff,0x94,0x4a,0x7a,0xff,0x90,0x48,0x77,0xff,0x89,0x45,0x71,0xff,
	0x81,0x40,0x6a,0xff,0x79,0x3d,0x64,0xff,0x73,0x3a,0x5f,0xff,0x71,0x38,0x5d,0xff,
	0x73,0x3a,0x5f,0xff,0x79,0x3d,0x64,0xff,0x81,0x40,0x6a,0xff,0x89,0x45,0x71,0xff,
	0x90,0x48,0x77,0xff,0x95,0x4b,0x7b,0xff,0x98,0x4c,0x7d,0xff,0x9a,0x4d,0x7f,0xff,
	0x9a,0x4d,0x7f,0xff,0x9a,0x4d,0x7f,0xff,0x9a,0x4d,0x7f,0xff,0x9a,0x4d,0x7f,0xff,
	0x9a,0x4d,0x7f,0xff,0x9a,0x4d,0x7f,0xff,0x9a,0x4d,0x7f,0xff,0x9a,0x4d,0x7f,0xff,
	0x9a,0x4d,0x7f,0xff,0x9a,0x4d,0x7f,0xff,0x9a,0x4d,0x7f,0xff,0x9a,0x4d,0x7f,0xff,
	0x9a,0x4d,0x7f,0xff,0x9a,0x4d,0x7f,0xff,0x9a,0x4d,0x7f,0xff,0x9a,0x4d,0x7f,0xff,
	0x9a,0x4d,0x7f,0xff,0x9a,0x4d,0x7f,0xff,0x9a,0x4d,0x7f,0xff,0x9a,0x4d,0x7f,0xff,
	0x9a,0x4d,0x7f,0xff,0x9a,0x4d,0x7f,0xff,0x9a,0x4d,0x7f,0xff,0xb5,0x00,0xb5,0xff,
	0x9b,0x5a,0x86,0xff,0x9b,0x5a,0x86,0xff,0x9b,0x5a,0x86,0xff,0x9b,0x5a,0x86,0xff,
	0xb2,0x60,0x98,0xff,0xc7,0x68,0xa9,0xff,0xd9,0x6d,0xb3,0xff,0xd9,0x6d,0xb3,0xff,
	0xd9,0x6d,0xb3,0xff,0xd9,0x6d,0xb3,0xff,0xd9,0x6d,0xb3,0xff,0xd9,0x6d,0xb3,0xff,
	0xd9,0x6d,0xb3,0xff,0xd9,0x6d,0xb3,0xff,0xd9,0x6d,0xb3,0xff,0xd9,0x6d,0xb3,0xff,
	0xd9,0x6d,0xb3,0xff,0xd9,0x6d,0xb3,0xff,0xd9,0x6d,0xb3,0xff,0xd9,0x6d,0xb3,0xff,
	0xd9,0x6d,0xb3,0xff,0xd9,0x6d,0xb3,0xff,0xd9,0x6d,0xb3,0xff,0xd9,0x6d,0xb3,0xff,
	0xd9,0x6d,0xb3,0xff,0xc7,0x68,0xa9,0xff,0xb2,0x60,0x98,0xff,0x9b,0x5a,0x86,0xff,
	0x9b,0x5a,0x86,0xff,0x9b,0x5a,0x86,0xff,0x9b,0x5a,0x86,0xff,0xff,0x00,0xff,0xff,
	0x00,0x00,0x00,0x00,0x00,0x00,0x00,0x00,0x00,0x00,0x00,0x00,0x00,0x00,0x00,0x00,
	0x00,0x00,0x00,0x00,0x00,0x00,0x00,0x00,0x00,0x00,0x00,0x00,0x00,0x00,0x00,0x00,
	0x00,0x00,0x00,0x00,0x00,0x00,0x00,0x00,0x00,0x00,0x00,0x00,0x00,0x00,0x00,0x00,
	0x00,0x00,0x00,0x00,0x00,0x00,0x00,0x00,0x00,0x00,0x00,0x00,0x00,0x00,0x00,0x00,
	0xd9,0x6d,0xb3,0xff,0xd9,0x6d,0xb3,0xff,0xd9,0x6d,0xb3,0xff,0xf2,0x79,0xc8,0xff,
	0xf2,0x79,0xc8,0xff,0xfb,0x85,0xce,0xff,0xfb,0x85,0xce,0xff,0xfb,0x85,0xce,0xff,
	0xfb,0x85,0xce,0xff,0xf2,0x79,0xc8,0xff,0xf2,0x79,0xc8,0xff,0xd9,0x6d,0xb3,0xff,
	0xd9,0x6d,0xb3,0xff,0xd9,0x6d,0xb3,0xff,0xd9,0x6d,0xb3,0xff,0xff,0x00,0xff,0xff,
	0x9f,0x4f,0x83,0xff,0xb8,0x70,0xa1,0xff,0xb8,0x70,0xa1,0xff,0xb8,0x70,0xa1,0xff,
	0xb8,0x70,0xa1,0xff,0xb8,0x70,0xa1,0xff,0xb8,0x70,0xa1,0xff,0xb8,0x70,0xa1,0xff,
	0xb8,0x70,0xa1,0xff,0xb8,0x70,0xa1,0xff,0xb8,0x70,0xa1,0xff,0xb8,0x70,0xa1,0xff,
	0xb8,0x70,0xa1,0xff,0xb8,0x70,0xa1,0xff,0xb8,0x70,0xa1,0xff,0xb8,0x70,0xa1,0xff,
	0xb8,0x70,0xa1,0xff,0xb8,0x70,0xa1,0xff,0xb8,0x70,0xa1,0xff,0xb8,0x70,0xa1,0xff,
	0xb8,0x70,0xa1,0xff,0xb8,0x70,0xa1,0xff,0xb5,0x6e,0x9e,0xff,0xb0,0x6b,0x9a,0xff,
	0xa6,0x65,0x91,0xff,0x98,0x5d,0x85,0xff,0x86,0x52,0x76,0xff,0x74,0x46,0x65,0xff,
	0x5f,0x3a,0x53,0xff,0x4c,0x2e,0x43,0xff,0x3f,0x27,0x38,0xff,0x3c,0x24,0x34,0xff,
	0x40,0x27,0x38,0xff,0x4c,0x2e,0x43,0xff,0x60,0x3a,0x54,0xff,0x74,0x46,0x65,0xff,
	0x87,0x52,0x77,0xff,0x9a,0x5e,0x87,0xff,0xa9,0x67,0x94,0xff,0xb2,0x6c,0x9c,0xff,
	0xb7,0x6f,0xa0,0xff,0xb8,0x70,0xa1,0xff,0xb8,0x70,0xa1,0xff,0xb8,0x70,0xa1,0xff,
	0xb8,0x70,0xa1,0xff,0xb8,0x70,0xa1,0xff,0xb8,0x70,0xa1,0xff,0xb8,0x70,0xa1,0xff,
	0xb8,0x70,0xa1,0xff,0xb8,0x70,0xa1,0xff,0xb8,0x70,0xa1,0xff,0xb8,0x70,0xa1,0xff,
	0xb8,0x70,0xa1,0xff,0xb8,0x70,0xa1,0xff,0xb8,0x70,0xa1,0xff,0xb8,0x70,0xa1,0xff,
	0xb8,0x70,0xa1,0xff,0xb8,0x70,0xa1,0xff,0xb8,0x70,0xa1,0xff,0xb8,0x70,0xa1,0xff,
	0xb8,0x70,0xa1,0xff,0xb8,0x70,0xa1,0xff,0x9f,0x4f,0x83,0xff,0xbb,0x00,0xbb,0xff,
	0x9b,0x5a,0x86,0xff,0xfb,0x85,0xce,0xff,0xfb,0x85,0xce,0xff,0xfb,0x85,0xce,0xff,
	0xfb,0x85,0xce,0xff,0xfb,0x85,0xce,0xff,0xfb,0x85,0xce,0xff,0xfb,0x85,0xce,0xff,
	0xfb,0x85,0xce,0xff,0xfb,0x85,0xce,0xff,0xfb,0x85,0xce,0xff,0xfb,0x85,0xce,0xff,
	0xfb,0x85,0xce,0xff,0xfb,0x85,0xce,0xff,0xfb,0x85,0xce,0xff,0xfb,0x85,0xce,0xff,
	0xfb,0x85,0xce,0xff,0xfb,0x85,0xce,0xff,0xfb,0x85,0xce,0xff,0xfb,0x85,0xce,0xff,
	0xfb,0x85,0xce,0xff,0xfb,0x85,0xce,0xff,0xfb,0x85,0xce,0xff,0xfb,0x85,0xce,0xff,
	0xfb,0x85,0xce,0xff,0xfb,0x85,0xce,0xff,0xfb,0x85,0xce,0xff,0xfb,0x85,0xce,0xff,
	0xfb,0x85,0xce,0xff,0xfb,0x85,0xce,0xff,0x9b,0x5a,0x86,0xff,0xff,0x00,0xff,0xff,
	0x00,0x00,0x00,0x00,0x00,0x00,0x00,0x00,0x00,0x00,0x00,0x00,0x00,0x00,0x00,0x00,
	0x00,0x00,0x00,0x00,0x00,0x00,0x00,0x00,0x00,0x00,0x00,0x00,0x00,0x00,0x00,0x00,
	0x00,0x00,0x00,0x00,0x00,0x00,0x00,0x00,0x00,0x00,0x00,0x00,0x00,0x00,0x00,0x00,
	0x00,0x00,0x00,0x00,0x00,0x00,0x00,0x00,0x00,0x00,0x00,0x00,0x00,0x00,0x00,0x00,
	0xd9,0x6d,0xb3,0xff,0xd9,0x6d,0xb3,0xff,0xd9,0x6d,0xb3,0xff,0xf2,0x79,0xc8,0xff,
	0xf2,0x79,0xc8,0xff,0xfb,0x85,0xce,0xff,0xfb,0x85,0xce,0xff,0xfb,0x85,0xce,0xff,
	0xfb,0x85,0xce,0xff,0xf2,0x79,0xc8,0xff,0xf2,0x79,0xc8,0xff,0xd9,0x6d,0xb3,0xff,
	0xd9,0x6d,0xb3,0xff,0xd9,0x6d,0xb3,0xff,0xd9,0x6d,0xb3,0xff,0xff,0x00,0xff,0xff,
	0xa5,0x52,0x88,0xff,0xbe,0x74,0xa7,0xff,0xbe,0x8c,0xaa,0xff,0xbe,0x8c,0xaa,0xff,
	0xbe,0x8c,0xaa,0xff,0xbe,0x8c,0xaa,0xff,0xbe,0x8c,0xaa,0xff,0xbe,0x8c,0xaa,0xff,
	0xbe,0x8c,0xaa,0xff,0xbe,0x8c,0xaa,0xff,0xbe,0x8c,0xaa,0xff,0xbe,0x8c,0xaa,0xff,
	0xbe,0x8c,0xaa,0xff,0xbe,0x8c,0xaa,0xff,0xbe,0x8c,0xaa,0xff,0xbe,0x8c,0xaa,0xff,
	0xbe,0x8c,0xaa,0xff,0xbe,0x8c,0xaa,0xff,0xbe,0x8c,0xaa,0xff,0xbe,0x8c,0xaa,0xff,
	0xbe,0x8c,0xaa,0xff,0xbb,0x89,0xa6,0xff,0xb0,0x81,0x9d,0xff,0x9a,0x71,0x89,0xff,
	0x7e,0x5d,0x71,0xff,0x60,0x47,0x56,0xff,0x41,0x30,0x3a,0xff,0x27,0x1d,0x23,0xff,
	0x15,0x0f,0x13,0xff,0x0b,0x08,0x0a,0xff,0x06,0x05,0x06,0xff,0x04,0x03,0x04,0xff,
	0x06,0x05,0x06,0xff,0x0b,0x08,0x0a,0xff,0x15,0x0f,0x13,0xff,0x27,0x1d,0x23,0xff,
	0x43,0x32,0x3c,0xff,0x67,0x4c,0x5c,0xff,0x86,0x63,0x78,0xff,0x9f,0x75,0x8e,0xff,
	0xb1,0x82,0x9e,0xff,0xbb,0x89,0xa6,0xff,0xbe,0x8c,0xaa,0xff,0xbe,0x8c,0xaa,0xff,
	0xbe,0x8c,0xaa,0xff,0xbe,0x8c,0xaa,0xff,0xbe,0x8c,0xaa,0xff,0xbe,0x8c,0xaa,0xff,
	0xbe,0x8c,0xaa,0xff,0xbe,0x8c,0xaa,0xff,0xbe,0x8c,0xaa,0xff,0xbe,0x8c,0xaa,0xff,
	0xbe,0x8c,0xaa,0xff,0xbe,0x8c,0xaa,0xff,0xbe,0x8c,0xaa,0xff,0xbe,0x8c,0xaa,0xff,
	0xbe,0x8c,0xaa,0xff,0xbe,0x8c,0xaa,0xff,0xbe,0x8c,0xaa,0xff,0xbe,0x8c,0xaa,0xff,
	0xbe,0x8c,0xaa,0xff,0xbe,0x74,0xa7,0xff,0xa5,0x52,0x88,0xff,0xc2,0x00,0xc2,0xff,
	0x9b,0x5a,0x86,0xff,0xfb,0x85,0xce,0xff,0xfb,0x85,0xce,0xff,0xfb,0x85,0xce,0xff,
	0xfb,0x85,0xce,0xff,0xfb,0x85,0xce,0xff,0xfb,0x85,0xce,0xff,0xfb,0x85,0xce,0xff,
	0xfb,0x85,0xce,0xff,0xfb,0x85,0xce,0xff,0xfb,0x85,0xce,0xff,0xfb,0x85,0xce,0xff,
	0xfb,0x85,0xce,0xff,0xfb,0x85,0xce,0xff,0xfb,0x85,0xce,0xff,0xfb,0x85,0xce,0xff,
	0xfb,0x85,0xce,0xff,0xfb,0x85,0xce,0xff,0xfb,0x85,0xce,0xff,0xfb,0x85,0xce,0xff,
	0xfb,0x85,0xce,0xff,0xfb,0x85,0xce,0xff,0xfb,0x85,0xce,0xff,0xfb,0x85,0xce,0xff,
	0xfb,0x85,0xce,0xff,0xfb,0x85,0xce,0xff,0xfb,0x85,0xce,0xff,0xfb,0x85,0xce,0xff,
	0xfb,0x85,0xce,0xff,0xfb,0x85,0xce,0xff,0x9b,0x5a,0x86,0xff,0xff,0x00,0xff,0xff,
	0x00,0x00,0x00,0x00,0x00,0x00,0x00,0x00,0x00,0x00,0x00,0x00,0x00,0x00,0x00,0x00,
	0x00,0x00,0x00,0x00,0x00,0x00,0x00,0x00,0x00,0x00,0x00,0x00,0x00,0x00,0x00,0x00,
	0x00,0x00,0x00,0x00,0x00,0x00,0x00,0x00,0x00,0x00,0x00,0x00,0x00,0x00,0x00,0x00,
	0x00,0x00,0x00,0x00,0x00,0x00,0x00,0x00,0x00,0x00,0x00,0x00,0x00,0x00,0x00,0x00,
	0xd9,0x6d,0xb3,0xff,0xd9,0x6d,0xb3,0xff,0xd9,0x6d,0xb3,0xff,0xf2,0x79,0xc8,0xff,
	0xf2,0x79,0xc8,0xff,0xfb,0x85,0xce,0xff,0xfb,0x85,0xce,0xff,0xfb,0x85,0xce,0xff,
	0xfb,0x85,0xce,0xff,0xf2,0x79,0xc8,0xff,0xf2,0x79,0xc8,0xff,0xd9,0x6d,0xb3,0xff,
	0xd9,0x6d,0xb3,0xff,0xd9,0x6d,0xb3,0xff,0xd9,0x6d,0xb3,0xff,0xff,0x00,0xff,0xff,
	0xaa,0x55,0x8c,0xff,0xc4,0x78,0xac,0xff,0xc4,0x91,0xaf,0xff,0xc4,0x91,0xaf,0xff,
	0xc4,0x91,0xaf,0xff,0xc4,0x91,0xaf,0xff,0xc4,0x91,0xaf,0xff,0xc4,0x91,0xaf,0xff,
	0xc4,0x91,0xaf,0xff,0xc4,0x91,0xaf,0xff,0xc4,0x91,0xaf,0xff,0xc4,0x91,0xaf,0xff,
	0xc4,0x91,0xaf,0xff,0xc4,0x91,0xaf,0xff,0xc4,0x91,0xaf,0xff,0xc4,0x91,0xaf,0xff,
	0xc4,0x91,0xaf,0xff,0xc4,0x91,0xaf,0xff,0xc4,0x91,0xaf,0xff,0xc4,0x91,0xaf,0xff,
	0xc0,0x8e,0xac,0xff,0xb4,0x84,0xa0,0xff,0x95,0x6e,0x85,0xff,0x68,0x4c,0x5d,0xff,
	0x39,0x2a,0x32,0xff,0x18,0x12,0x15,0xff,0x08,0x06,0x07,0xff,0x01,0x01,0x01,0xff,
	0x00,0x00,0x00,0xff,0x01,0x00,0x00,0xff,0x04,0x01,0x01,0xff,0x05,0x01,0x02,0xff,
	0x04,0x01,0x01,0xff,0x01,0x00,0x00,0xff,0x00,0x00,0x00,0xff,0x01,0x01,0x01,0xff,
	0x08,0x06,0x07,0xff,0x1d,0x15,0x1a,0xff,0x40,0x2f,0x39,0xff,0x6e,0x51,0x62,0xff,
	0x98,0x70,0x88,0xff,0xb4,0x84,0xa0,0xff,0xc0,0x8e,0xac,0xff,0xc4,0x91,0xaf,0xff,
	0xc4,0x91,0xaf,0xff,0xc4,0x91,0xaf,0xff,0xc4,0x91,0xaf,0xff,0xc4,0x91,0xaf,0xff,
	0xc4,0x91,0xaf,0xff,0xc4,0x91,0xaf,0xff,0xc4,0x91,0xaf,0xff,0xc4,0x91,0xaf,0xff,
	0xc4,0x91,0xaf,0xff,0xc4,0x91,0xaf,0xff,0xc4,0x91,0xaf,0xff,0xc4,0x91,0xaf,0xff,
	0xc4,0x91,0xaf,0xff,0xc4,0x91,0xaf,0xff,0xc4,0x91,0xaf,0xff,0xc4,0x91,0xaf,0xff,
	0xc4,0x91,0xaf,0xff,0xc4,0x78,0xac,0xff,0xaa,0x55,0x8c,0xff,0xc8,0x00,0xc8,0xff,
	0x9b,0x5a,0x86,0xff,0xfb,0x85,0xce,0xff,0xfb,0x85,0xce,0xff,0xf2,0x79,0xc8,0xff,
	0xf2,0x79,0xc8,0xff,0xf2,0x79,0xc8,0xff,0xf2,0x79,0xc8,0xff,0xf2,0x79,0xc8,0xff,
	0xf2,0x79,0xc8,0xff,0xf2,0x79,0xc8,0xff,0xf2,0x79,0xc8,0xff,0xf2,0x79,0xc8,0xff,
	0xf2,0x79,0xc8,0xff,0xf2,0x79,0xc8,0xff,0xf2,0x79,0xc8,0xff,0xf2,0x79,0xc8,0xff,
	0xf2,0x79,0xc8,0xff,0xf2,0x79,0xc8,0xff,0xf2,0x79,0xc8,0xff,0xf2,0x79,0xc8,0xff,
	0xf2,0x79,0xc8,0xff,0xf2,0x79,0xc8,0xff,0xf2,0x79,0xc8,0xff,0xf2,0x79,0xc8,0xff,
	0xf2,0x79,0xc8,0xff,0xf2,0x79,0xc8,0xff,0xf2,0x79,0xc8,0xff,0xf2,0x79,0xc8,0xff,
	0xfb,0x85,0xce,0xff,0xfb,0x85,0xce,0xff,0x9b,0x5a,0x86,0xff,0xff,0x00,0xff,0xff,
	0x00,0x00,0x00,0x00,0x00,0x00,0x00,0x00,0x00,0x00,0x00,0x00,0x00,0x00,0x00,0x00,
	0x00,0x00,0x00,0x00,0x00,0x00,0x00,0x00,0x00,0x00,0x00,0x00,0x00,0x00,0x00,0x00,
	0x00,0x00,0x00,0x00,0x00,0x00,0x00,0x00,0x00,0x00,0x00,0x00,0x00,0x00,0x00,0x00,
	0x00,0x00,0x00,0x00,0x00,0x00,0x00,0x00,0x00,0x00,0x00,0x00,0x00,0x00,0x00,0x00,
	0xd9,0x6d,0xb3,0xff,0xd9,0x6d,0xb3,0xff,0xd9,0x6d,0xb3,0xff,0xf2,0x79,0xc8,0xff,
	0xf2,0x79,0xc8,0xff,0xfb,0x85,0xce,0xff,0xfb,0x85,0xce,0xff,0xfb,0x85,0xce,0xff,
	0xfb,0x85,0xce,0xff,0xf2,0x79,0xc8,0xff,0xf2,0x79,0xc8,0xff,0xd9,0x6d,0xb3,0xff,
	0xd9,0x6d,0xb3,0xff,0xd9,0x6d,0xb3,0xff,0xd9,0x6d,0xb3,0xff,0xff,0x00,0xff,0xff,
	0xaf,0x58,0x90,0xff,0xca,0x7b,0xb1,0xff,0xca,0x95,0xb4,0xff,0xca,0x95,0xb4,0xff,
	0xca,0x95,0xb4,0xff,0xca,0x95,0xb4,0xff,0xca,0x95,0xb4,0xff,0xca,0x95,0xb4,0xff,
	0xca,0x95,0xb4,0xff,0xca,0x95,0xb4,0xff,0xca,0x95,0xb4,0xff,0xca,0x95,0xb4,0xff,
	0xca,0x95,0xb4,0xff,0xca,0x95,0xb4,0xff,0xca,0x95,0xb4,0xff,0xca,0x95,0xb4,0xff,
	0xca,0x95,0xb4,0xff,0xca,0x95,0xb4,0xff,0xca,0x95,0xb4,0xff,0xc6,0x92,0xb1,0xff,
	0xb9,0x88,0xa5,0xff,0x99,0x71,0x89,0xff,0x63,0x49,0x58,0xff,0x2a,0x1f,0x25,0xff,
	0x08,0x06,0x07,0xff,0x01,0x01,0x01,0xff,0x04,0x01,0x01,0xff,0x15,0x08,0x0a,0xff,
	0x25,0x13,0x15,0xff,0x32,0x1c,0x20,0xff,0x3d,0x23,0x27,0xff,0x42,0x25,0x2a,0xff,
	0x3e,0x23,0x27,0xff,0x33,0x1d,0x20,0xff,0x26,0x14,0x16,0xff,0x15,0x08,0x0b,0xff,
	0x04,0x01,0x01,0xff,0x01,0x01,0x01,0xff,0x0a,0x07,0x09,0xff,0x2b,0x1f,0x26,0xff,
	0x64,0x4a,0x59,0xff,0x99,0x71,0x89,0xff,0xb9,0x88,0xa5,0xff,0xc6,0x92,0xb1,0xff,
	0xca,0x95,0xb4,0xff,0xca,0x95,0xb4,0xff,0xca,0x95,0xb4,0xff,0xca,0x95,0xb4,0xff,
	0xca,0x95,0xb4,0xff,0xca,0x95,0xb4,0xff,0xca,0x95,0xb4,0xff,0xca,0x95,0xb4,0xff,
	0xca,0x95,0xb4,0xff,0xca,0x95,0xb4,0xff,0xca,0x95,0xb4,0xff,0xca,0x95,0xb4,0xff,
	0xca,0x95,0xb4,0xff,0xca,0x95,0xb4,0xff,0xca,0x95,0xb4,0xff,0xca,0x95,0xb4,0xff,
	0xca,0x95,0xb4,0xff,0xca,0x7b,0xb1,0xff,0xaf,0x58,0x90,0xff,0xce,0x00,0xce,0xff,
	0xb2,0x60,0x98,0xff,0xfb,0x85,0xce,0xff,0xfb,0x85,0xce,0xff,0xf2,0x79,0xc8,0xff,
	0x9b,0x5a,0x86,0xff,0xb2,0x60,0x98,0xff,0xc7,0x68,0xa9,0xff,0xd9,0x6d,0xb3,0xff,
	0xd9,0x6d,0xb3,0xff,0xd9,0x6d,0xb3,0xff,0xd9,0x6d,0xb3,0xff,0xd9,0x6d,0xb3,0xff,
	0xd9,0x6d,0xb3,0xff,0xd9,0x6d,0xb3,0xff,0xd9,0x6d,0xb3,0xff,0xd9,0x6d,0xb3,0xff,
	0xd9,0x6d,0xb3,0xff,0xd9,0x6d,0xb3,0xff,0xd9,0x6d,0xb3,0xff,0xd9,0x6d,0xb3,0xff,
	0xd9,0x6d,0xb3,0xff,0xd9,0x6d,0xb3,0xff,0xd9,0x6d,0xb3,0xff,0xd9,0x6d,0xb3,0xff,
	0xc7,0x68,0xa9,0xff,0xb2,0x60,0x98,0xff,0x9b,0x5a,0x86,0xff,0xf2,0x79,0xc8,0xff,
	0xfb,0x85,0xce,0xff,0xfb,0x85,0xce,0xff,0xb2,0x60,0x98,0xff,0xff,0x00,0xff,0xff,
	0x00,0x00,0x00,0x00,0x00,0x00,0x00,0x00,0x00,0x00,0x00,0x00,0x00,0x00,0x00,0x00,
	0x00,0x00,0x00,0x00,0x00,0x00,0x00,0x00,0x00,0x00,0x00,0x00,0x00,0x00,0x00,0x00,
	0x00,0x00,0x00,0x00,0x00,0x00,0x00,0x00,0x00,0x00,0x00,0x00,0x00,0x00,0x00,0x00,
	0x00,0x00,0x00,0x00,0x00,0x00,0x00,0x00,0x00,0x00,0x00,0x00,0x00,0x00,0x00,0x00,
	0xd9,0x6d,0xb3,0xff,0xd9,0x6d,0xb3,0xff,0xd9,0x6d,0xb3,0xff,0xf2,0x79,0xc8,0xff,
	0xf2,0x79,0xc8,0xff,0xfb,0x85,0xce,0xff,0xfb,0x85,0xce,0xff,0xfb,0x85,0xce,0xff,
	0xfb,0x85,0xce,0xff,0xf2,0x79,0xc8,0xff,0xf2,0x79,0xc8,0xff,0xd9,0x6d,0xb3,0xff,
	0xd9,0x6d,0xb3,0xff,0xd9,0x6d,0xb3,0xff,0xd9,0x6d,0xb3,0xff,0xff,0x00,0xff,0xff,
	0xb5,0x5b,0x95,0xff,0xd1,0x7f,0xb7,0xff,0xd1,0x9a,0xbb,0xff,0xd1,0x9a,0xbb,0xff,
	0xd1,0x9a,0xbb,0xff,0xd1,0x9a,0xbb,0xff,0xd1,0x9a,0xbb,0xff,0xd1,0x9a,0xbb,0xff,
	0xd1,0x9a,0xbb,0xff,0xd1,0x9a,0xbb,0xff,0xd1,0x9a,0xbb,0xff,0xd1,0x9a,0xbb,0xff,
	0xd1,0x9a,0xbb,0xff,0xd1,0x9a,0xbb,0xff,0xd1,0x9a,0xbb,0xff,0xd1,0x9a,0xbb,0xff,
	0xd1,0x9a,0xbb,0xff,0xd1,0x9a,0xbb,0xff,0xcd,0x97,0xb7,0xff,0xbf,0x8d,0xab,0xff,
	0x9e,0x74,0x8d,0xff,0x66,0x4b,0x5b,0xff,0x26,0x1c,0x22,0xff,0x05,0x04,0x05,0xff,
	0x02,0x00,0x00,0xff,0x19,0x0b,0x0d,0xff,0x3c,0x21,0x25,0xff,0x66,0x3c,0x41,0xff,
	0x8c,0x52,0x5b,0xff,0xa1,0x5f,0x68,0xff,0xa9,0x63,0x6d,0xff,0xab,0x65,0x6f,0xff,
	0xa9,0x63,0x6d,0xff,0xa2,0x5f,0x69,0xff,0x8e,0x53,0x5c,0xff,0x6a,0x3d,0x43,0xff,
	0x3e,0x23,0x27,0xff,0x1b,0x0d,0x0f,0xff,0x03,0x01,0x01,0xff,0x05,0x04,0x05,0xff,
	0x25,0x1b,0x21,0xff,0x64,0x4a,0x59,0xff,0x9d,0x74,0x8c,0xff,0xbf,0x8d,0xab,0xff,
	0xcd,0x97,0xb7,0xff,0xd1,0x9a,0xbb,0xff,0xd1,0x9a,0xbb,0xff,0xd1,0x9a,0xbb,0xff,
	0xd1,0x9a,0xbb,0xff,0xd1,0x9a,0xbb,0xff,0xd1,0x9a,0xbb,0xff,0xd1,0x9a,0xbb,0xff,
	0xd1,0x9a,0xbb,0xff,0xd1,0x9a,0xbb,0xff,0xd1,0x9a,0xbb,0xff,0xd1,0x9a,0xbb,0xff,
	0xd1,0x9a,0xbb,0xff,0xd1,0x9a,0xbb,0xff,0xd1,0x9a,0xbb,0xff,0xd1,0x9a,0xbb,0xff,
	0xd1,0x9a,0xbb,0xff,0xd1,0x7f,0xb7,0xff,0xb5,0x5b,0x95,0xff,0xd5,0x00,0xd5,0xff,
	0xc7,0x68,0xa9,0xff,0xfb,0x85,0xce,0xff,0xfb,0x85,0xce,0xff,0xf2,0x79,0xc8,0xff,
	0xb2,0x60,0x98,0xff,0xbc,0x72,0xa4,0xff,0xbc,0x72,0xa4,0xff,0xbc,0x72,0xa4,0xff,
	0xbc,0x72,0xa4,0xff,0xbc,0x72,0xa4,0xff,0xbc,0x72,0xa4,0xff,0xbc,0x72,0xa4,0xff,
	0xbc,0x72,0xa4,0xff,0xa0,0x61,0x8c,0xff,0x67,0x3f,0x5a,0xff,0x50,0x31,0x46,0xff,
	0x68,0x3f,0x5b,0xff,0xa3,0x63,0x8f,0xff,0xbc,0x72,0xa4,0xff,0xbc,0x72,0xa4,0xff,
	0xbc,0x72,0xa4,0xff,0xbc,0x72,0xa4,0xff,0xbc,0x72,0xa4,0xff,0xbc,0x72,0xa4,0xff,
	0xbc,0x72,0xa4,0xff,0xbc,0x72,0xa4,0xff,0xb2,0x60,0x98,0xff,0xf2,0x79,0xc8,0xff,
	0xfb,0x85,0xce,0xff,0xfb,0x85,0xce,0xff,0xc7,0x68,0xa9,0xff,0xff,0x00,0xff,0xff,
	0x00,0x00,0x00,0x00,0x00,0x00,0x00,0x00,0x00,0x00,0x00,0x00,0x00,0x00,0x00,0x00,
	0x00,0x00,0x00,0x00,0x00,0x00,0x00,0x00,0x00,0x00,0x00,0x00,0x00,0x00,0x00,0x00,
	0x00,0x00,0x00,0x00,0x00,0x00,0x00,0x00,0x00,0x00,0x00,0x00,0x00,0x00,0x00,0x00,
	0x00,0x00,0x00,0x00,0x00,0x00,0x00,0x00,0x00,0x00,0x00,0x00,0x00,0x00,0x00,0x00,
	0xd9,0x6d,0xb3,0xff,0xd9,0x6d,0xb3,0xff,0xd9,0x6d,0xb3,0xff,0xf2,0x79,0xc8,0xff,
	0xf2,0x79,0xc8,0xff,0xfb,0x85,0xce,0xff,0xfb,0x85,0xce,0xff,0xfb,0x85,0xce,0xff,
	0xfb,0x85,0xce,0xff,0xf2,0x79,0xc8,0xff,0xf2,0x79,0xc8,0xff,0xd9,0x6d,0xb3,0xff,
	0xd9,0x6d,0xb3,0xff,0xd9,0x6d,0xb3,0xff,0xd9,0x6d,0xb3,0xff,0xff,0x00,0xff,0xff,
	0xba,0x5d,0x99,0xff,0xd7,0x83,0xbc,0xff,0xd7,0x9e,0xc0,0xff,0xd7,0x9e,0xc0,0xff,
	0xd7,0x9e,0xc0,0xff,0xd7,0x9e,0xc0,0xff,0xd7,0x9e,0xc0,0xff,0xd7,0x9e,0xc0,0xff,
	0xd7,0x9e,0xc0,0xff,0xd7,0x9e,0xc0,0xff,0xd7,0x9e,0xc0,0xff,0xd7,0x9e,0xc0,0xff,
	0xd7,0x9e,0xc0,0xff,0xd7,0x9e,0xc0,0xff,0xd7,0x9e,0xc0,0xff,0xd7,0x9e,0xc0,0xff,
	0xd7,0x9e,0xc0,0xff,0xd3,0x9b,0xbc,0xff,0xc5,0x91,0xb0,0xff,0xa4,0x79,0x92,0xff,
	0x68,0x4c,0x5d,0xff,0x27,0x1d,0x23,0xff,0x04,0x03,0x04,0xff,0x08,0x02,0x03,0xff,
	0x2f,0x19,0x1d,0xff,0x6b,0x3e,0x44,0xff,0x9e,0x5d,0x67,0xff,0xb1,0x68,0x73,0xff,
	0xb0,0x67,0x72,0xff,0xad,0x65,0x70,0xff,0xac,0x65,0x6f,0xff,0xac,0x65,0x6f,0xff,
	0xac,0x65,0x6f,0xff,0xad,0x65,0x6f,0xff,0xb0,0x67,0x71,0xff,0xb1,0x68,0x73,0xff,
	0xa1,0x5e,0x68,0xff,0x70,0x41,0x47,0xff,0x32,0x1c,0x1e,0xff,0x0b,0x03,0x04,0xff,
	0x04,0x03,0x04,0xff,0x26,0x1c,0x22,0xff,0x68,0x4c,0x5d,0xff,0xa3,0x78,0x91,0xff,
	0xc5,0x91,0xb0,0xff,0xd3,0x9b,0xbc,0xff,0xd7,0x9e,0xc0,0xff,0xd7,0x9e,0xc0,0xff,
	0xd7,0x9e,0xc0,0xff,0xd7,0x9e,0xc0,0xff,0xd7,0x9e,0xc0,0xff,0xd7,0x9e,0xc0,0xff,
	0xd7,0x9e,0xc0,0xff,0xd7,0x9e,0xc0,0xff,0xd7,0x9e,0xc0,0xff,0xd7,0x9e,0xc0,0xff,
	0xd7,0x9e,0xc0,0xff,0xd7,0x9e,0xc0,0xff,0xd7,0x9e,0xc0,0xff,0xd7,0x9e,0xc0,0xff,
	0xd7,0x9e,0xc0,0xff,0xd7,0x83,0xbc,0xff,0xba,0x5d,0x99,0xff,0xdb,0x00,0xdb,0xff,
	0xd9,0x6d,0xb3,0xff,0xfb,0x85,0xce,0xff,0xfb,0x85,0xce,0xff,0xf2,0x79,0xc8,0xff,
	0xc7,0x68,0xa9,0xff,0xc5,0x78,0xad,0xff,0xc5,0x91,0xb0,0xff,0xc5,0x91,0xb0,0xff,
	0xc5,0x91,0xb0,0xff,0xc5,0x91,0xb0,0xff,0xc5,0x91,0xb0,0xff,0xc5,0x91,0xb0,0xff,
	0x59,0x42,0x4f,0xff,0x06,0x05,0x06,0xff,0x15,0x0c,0x0d,0xff,0x25,0x16,0x17,0xff,
	0x14,0x0b,0x0d,0xff,0x07,0x05,0x07,0xff,0x5d,0x44,0x53,0xff,0xc5,0x91,0xb0,0xff,
	0xc5,0x91,0xb0,0xff,0xc5,0x91,0xb0,0xff,0xc5,0x91,0xb0,0xff,0xc5,0x91,0xb0,0xff,
	0xc5,0x91,0xb0,0xff,0xc5,0x78,0xad,0xff,0xc7,0x68,0xa9,0xff,0xf2,0x79,0xc8,0xff,
	0xfb,0x85,0xce,0xff,0xfb,0x85,0xce,0xff,0xd9,0x6d,0xb3,0xff,0xff,0x00,0xff,0xff,
	0x00,0x00,0x00,0x00,0x00,0x00,0x00,0x00,0x00,0x00,0x00,0x00,0x00,0x00,0x00,0x00,
	0x00,0x00,0x00,0x00,0x00,0x00,0x00,0x00,0x00,0x00,0x00,0x00,0x00,0x00,0x00,0x00,
	0x00,0x00,0x00,0x00,0x00,0x00,0x00,0x00,0x00,0x00,0x00,0x00,0x00,0x00,0x00,0x00,
	0x00,0x00,0x00,0x00,0x00,0x00,0x00,0x00,0x00,0x00,0x00,0x00,0x00,0x00,0x00,0x00,
	0xd9,0x6d,0xb3,0xff,0xd9,0x6d,0xb3,0xff,0xd9,0x6d,0xb3,0xff,0xf2,0x79,0xc8,0xff,
	0xf2,0x79,0xc8,0xff,0xfb,0x85,0xce,0xff,0xfb,0x85,0xce,0xff,0xfb,0x85,0xce,0xff,
	0xfb,0x85,0xce,0xff,0xf2,0x79,0xc8,0xff,0xf2,0x79,0xc8,0xff,0xd9,0x6d,0xb3,0xff,
	0xd9,0x6d,0xb3,0xff,0xd9,0x6d,0xb3,0xff,0xd9,0x6d,0xb3,0xff,0xff,0x00,0xff,0xff,
	0xc0,0x60,0x9e,0xff,0xde,0x87,0xc2,0xff,0xde,0xa3,0xc6,0xff,0xde,0xa3,0xc6,0xff,
	0xde,0xa3,0xc6,0xff,0xde,0xa3,0xc6,0xff,0xde,0xa3,0xc6,0xff,0xde,0xa3,0xc6,0xff,
	0xde,0xa3,0xc6,0xff,0xde,0xa3,0xc6,0xff,0xde,0xa3,0xc6,0xff,0xde,0xa3,0xc6,0xff,
	0xdd,0xa3,0xc5,0xff,0xdc,0xa2,0xc4,0xff,0xdc,0xa2,0xc4,0xff,0xda,0xa1,0xc3,0xff,
	0xd8,0x9f,0xc1,0xff,0xcd,0x97,0xb7,0xff,0xae,0x80,0x9b,0xff,0x74,0x55,0x67,0xff,
	0x2f,0x22,0x2a,0xff,0x06,0x05,0x06,0xff,0x08,0x02,0x03,0xff,0x3d,0x22,0x26,0xff,
	0x86,0x4e,0x55,0xff,0xb3,0x69,0x74,0xff,0xb4,0x6a,0x74,0xff,0xb2,0x68,0x73,0xff,
	0xb2,0x68,0x73,0xff,0xb2,0x68,0x73,0xff,0xb2,0x68,0x73,0xff,0xb2,0x68,0x73,0xff,
	0xb2,0x68,0x73,0xff,0xb2,0x68,0x73,0xff,0xb2,0x68,0x73,0xff,0xb2,0x68,0x73,0xff,
	0xb4,0x69,0x74,0xff,0xb4,0x69,0x74,0xff,0x8b,0x50,0x59,0xff,0x43,0x25,0x29,0xff,
	0x0b,0x03,0x05,0xff,0x05,0x04,0x05,0xff,0x2c,0x20,0x27,0xff,0x73,0x54,0x66,0xff,
	0xae,0x80,0x9b,0xff,0xcd,0x97,0xb7,0xff,0xd8,0x9f,0xc1,0xff,0xda,0xa1,0xc3,0xff,
	0xdc,0xa2,0xc4,0xff,0xdc,0xa2,0xc4,0xff,0xdd,0xa3,0xc5,0xff,0xde,0xa3,0xc6,0xff,
	0xde,0xa3,0xc6,0xff,0xde,0xa3,0xc6,0xff,0xde,0xa3,0xc6,0xff,0xde,0xa3,0xc6,0xff,
	0xde,0xa3,0xc6,0xff,0xde,0xa3,0xc6,0xff,0xde,0xa3,0xc6,0xff,0xde,0xa3,0xc6,0xff,
	0xde,0xa3,0xc6,0xff,0xde,0x87,0xc2,0xff,0xc0,0x60,0x9e,0xff,0xe2,0x00,0xe2,0xff,
	0xd9,0x6d,0xb3,0xff,0xfb,0x85,0xce,0xff,0xfb,0x85,0xce,0xff,0xf2,0x79,0xc8,0xff,
	0xd9,0x6d,0xb3,0xff,0xd4,0x81,0xba,0xff,0xd4,0x9c,0xbd,0xff,0xd4,0x9c,0xbd,0xff,
	0xd4,0x9c,0xbd,0xff,0xd4,0x9c,0xbd,0xff,0xd4,0x9c,0xbd,0xff,0x66,0x4b,0x5b,0xff,
	0x05,0x03,0x03,0xff,0x61,0x39,0x3e,0xff,0xa3,0x5f,0x69,0xff,0xab,0x64,0x6f,0xff,
	0xa2,0x5f,0x69,0xff,0x60,0x38,0x3d,0xff,0x05,0x02,0x03,0xff,0x6a,0x4e,0x5e,0xff,
	0xd4,0x9c,0xbd,0xff,0xd4,0x9c,0xbd,0xff,0xd4,0x9c,0xbd,0xff,0xd4,0x9c,0xbd,0xff,
	0xd4,0x9c,0xbd,0xff,0xd4,0x81,0xba,0xff,0xd9,0x6d,0xb3,0xff,0xf2,0x79,0xc8,0xff,
	0xfb,0x85,0xce,0xff,0xfb,0x85,0xce,0xff,0xd9,0x6d,0xb3,0xff,0xff,0x00,0xff,0xff,
	0x00,0x00,0x00,0x00,0x00,0x00,0x00,0x00,0x00,0x00,0x00,0x00,0x00,0x00,0x00,0x00,
	0x00,0x00,0x00,0x00,0x00,0x00,0x00,0x00,0x00,0x00,0x00,0x00,0x00,0x00,0x00,0x00,
	0x00,0x00,0x00,0x00,0x00,0x00,0x00,0x00,0x00,0x00,0x00,0x00,0x00,0x00,0x00,0x00,
	0x00,0x00,0x00,0x00,0x00,0x00,0x00,0x00,0x00,0x00,0x00,0x00,0x00,0x00,0x00,0x00,
	0xd9,0x6d,0xb3,0xff,0xd9,0x6d,0xb3,0xff,0xd9,0x6d,0xb3,0xff,0xf2,0x79,0xc8,0xff,
	0xf2,0x79,0xc8,0xff,0xfb,0x85,0xce,0xff,0xfb,0x85,0xce,0xff,0xfb,0x85,0xce,0xff,
	0xfb,0x85,0xce,0xff,0xf2,0x79,0xc8,0xff,0xf2,0x79,0xc8,0xff,0xd9,0x6d,0xb3,0xff,
	0xd9,0x6d,0xb3,0xff,0xd9,0x6d,0xb3,0xff,0xd9,0x6d,0xb3,0xff,0xff,0x00,0xff,0xff,
	0xc5,0x63,0xa2,0xff,0xe4,0x8b,0xc8,0xff,0xe4,0xa8,0xcb,0xff,0xe4,0xa8,0xcb,0xff,
	0xe4,0xa8,0xcb,0xff,0xe4,0xa8,0xcb,0xff,0xe4,0xa8,0xcb,0xff,0xe4,0xa8,0xcb,0xff,
	0xe4,0xa8,0xcb,0xff,0xe2,0xa6,0xca,0xff,0xe0,0xa5,0xc8,0xff,0xdc,0xa2,0xc4,0xff,
	0xd8,0x9f,0xc1,0xff,0xd4,0x9c,0xbd,0xff,0xd0,0x99,0xba,0xff,0xcb,0x96,0xb5,0xff,
	0xc3,0x90,0xae,0xff,0xb2,0x83,0x9e,0xff,0x83,0x61,0x75,0xff,0x3e,0x2d,0x37,0xff,
	0x0b,0x08,0x0a,0xff,0x02,0x00,0x00,0xff,0x3b,0x20,0x24,0xff,0x8a,0x50,0x59,0xff,
	0xb9,0x6d,0x78,0xff,0xb8,0x6c,0x77,0xff,0xb6,0x6b,0x76,0xff,0xb6,0x6b,0x76,0xff,
	0xb6,0x6b,0x76,0xff,0xb6,0x6b,0x76,0xff,0xb6,0x6b,0x76,0xff,0xb6,0x6b,0x76,0xff,
	0xb6,0x6b,0x76,0xff,0xb6,0x6b,0x76,0xff,0xb6,0x6b,0x76,0xff,0xb6,0x6b,0x76,0xff,
	0xb6,0x6b,0x76,0xff,0xb7,0x6b,0x76,0xff,0xba,0x6d,0x79,0xff,0x8e,0x53,0x5b,0xff,
	0x40,0x24,0x28,0xff,0x04,0x01,0x01,0xff,0x09,0x07,0x08,0xff,0x3c,0x2c,0x35,0xff,
	0x82,0x60,0x74,0xff,0xb1,0x82,0x9e,0xff,0xc3,0x90,0xae,0xff,0xcb,0x96,0xb5,0xff,
	0xd0,0x99,0xba,0xff,0xd5,0x9d,0xbe,0xff,0xd8,0x9f,0xc1,0xff,0xdd,0xa3,0xc5,0xff,
	0xe1,0xa6,0xc9,0xff,0xe3,0xa7,0xca,0xff,0xe4,0xa8,0xcb,0xff,0xe4,0xa8,0xcb,0xff,
	0xe4,0xa8,0xcb,0xff,0xe4,0xa8,0xcb,0xff,0xe4,0xa8,0xcb,0xff,0xe4,0xa8,0xcb,0xff,
	0xe4,0xa8,0xcb,0xff,0xe4,0x8b,0xc8,0xff,0xc5,0x63,0xa2,0xff,0xe8,0x00,0xe8,0xff,
	0xd9,0x6d,0xb3,0xff,0xfb,0x85,0xce,0xff,0xfb,0x85,0xce,0xff,0xf2,0x79,0xc8,0xff,
	0xd9,0x6d,0xb3,0xff,0xe2,0x8a,0xc6,0xff,0xe2,0xa6,0xca,0xff,0xe0,0xa5,0xc8,0xff,
	0x89,0x65,0x7a,0xff,0x43,0x32,0x3c,0xff,0x32,0x25,0x2c,0xff,0x04,0x03,0x04,0xff,
	0x60,0x37,0x3e,0xff,0xc4,0x73,0x7f,0xff,0xb7,0x6b,0x76,0xff,0xb5,0x6a,0x75,0xff,
	0xb7,0x6b,0x76,0xff,0xc4,0x73,0x7f,0xff,0x5e,0x37,0x3d,0xff,0x05,0x04,0x05,0xff,
	0x32,0x25,0x2c,0xff,0x43,0x32,0x3c,0xff,0x8c,0x67,0x7d,0xff,0xe2,0xa6,0xca,0xff,
	0xe2,0xa6,0xca,0xff,0xe2,0x8a,0xc6,0xff,0xd9,0x6d,0xb3,0xff,0xf2,0x79,0xc8,0xff,
	0xfb,0x85,0xce,0xff,0xfb,0x85,0xce,0xff,0xd9,0x6d,0xb3,0xff,0xff,0x00,0xff,0xff,
	0x00,0x00,0x00,0x00,0x00,0x00,0x00,0x00,0x00,0x00,0x00,0x00,0x00,0x00,0x00,0x00,
	0x00,0x00,0x00,0x00,0x00,0x00,0x00,0x00,0x00,0x00,0x00,0x00,0x00,0x00,0x00,0x00,
	0x00,0x00,0x00,0x00,0x00,0x00,0x00,0x00,0x00,0x00,0x00,0x00,0x00,0x00,0x00,0x00,
	0x00,0x00,0x00,0x00,0x00,0x00,0x00,0x00,0x00,0x00,0x00,0x00,0x00,0x00,0x00,0x00,
	0xd9,0x6d,0xb3,0xff,0xd9,0x6d,0xb3,0xff,0xd9,0x6d,0xb3,0xff,0xf2,0x79,0xc8,0xff,
	0xf2,0x79,0xc8,0xff,0xfb,0x85,0xce,0xff,0xfb,0x85,0xce,0xff,0xfb,0x85,0xce,0xff,
	0xfb,0x85,0xce,0xff,0xf2,0x79,0xc8,0xff,0xf2,0x79,0xc8,0xff,0xd9,0x6d,0xb3,0xff,
	0xd9,0x6d,0xb3,0xff,0xd9,0x6d,0xb3,0xff,0xd9,0x6d,0xb3,0xff,0xff,0x00,0xff,0xff,
	0xca,0x65,0xa7,0xff,0xea,0x8e,0xcd,0xff,0xea,0xac,0xd1,0xff,0xea,0xac,0xd1,0xff,
	0xea,0xac,0xd1,0xff,0xea,0xac,0xd1,0xff,0xea,0xac,0xd1,0xff,0xe8,0xab,0xcf,0xff,
	0xe4,0xa8,0xcb,0xff,0xdd,0xa3,0xc5,0xff,0xd1,0x9a,0xbb,0xff,0xc0,0x8e,0xac,0xff,
	0xb1,0x82,0x9e,0xff,0xa5,0x79,0x93,0xff,0x9b,0x72,0x8a,0xff,0x90,0x6a,0x81,0xff,
	0x84,0x61,0x76,0xff,0x73,0x54,0x66,0xff,0x4b,0x37,0x43,0xff,0x17,0x11,0x15,0xff,
	0x01,0x01,0x01,0xff,0x25,0x13,0x15,0xff,0x7d,0x48,0x50,0xff,0xb9,0x6d,0x78,0xff,
	0xbd,0x6f,0x7a,0xff,0xbb,0x6e,0x79,0xff,0xbb,0x6e,0x79,0xff,0xbb,0x6e,0x79,0xff,
	0xbb,0x6e,0x79,0xff,0xbb,0x6e,0x79,0xff,0xbb,0x6e,0x79,0xff,0xbb,0x6e,0x79,0xff,
	0xbb,0x6e,0x79,0xff,0xbb,0x6e,0x79,0xff,0xbb,0x6e,0x79,0xff,0xbb,0x6e,0x79,0xff,
	0xbb,0x6e,0x79,0xff,0xbb,0x6e,0x79,0xff,0xbc,0x6e,0x79,0xff,0xbc,0x6e,0x79,0xff,
	0x82,0x4b,0x54,0xff,0x2b,0x17,0x1b,0xff,0x01,0x01,0x01,0xff,0x16,0x10,0x14,0xff,
	0x4b,0x37,0x43,0xff,0x73,0x54,0x66,0xff,0x84,0x61,0x76,0xff,0x90,0x6a,0x81,0xff,
	0x9b,0x72,0x8a,0xff,0xa6,0x7a,0x94,0xff,0xb4,0x84,0xa0,0xff,0xc6,0x92,0xb1,0xff,
	0xd5,0x9d,0xbe,0xff,0xe1,0xa6,0xc9,0xff,0xe6,0xa9,0xcd,0xff,0xe9,0xab,0xd0,0xff,
	0xea,0xac,0xd1,0xff,0xea,0xac,0xd1,0xff,0xea,0xac,0xd1,0xff,0xea,0xac,0xd1,0xff,
	0xea,0xac,0xd1,0xff,0xea,0x8e,0xcd,0xff,0xca,0x65,0xa7,0xff,0xee,0x00,0xee,0xff,
	0xd9,0x6d,0xb3,0xff,0xfb,0x85,0xce,0xff,0xfb,0x85,0xce,0xff,0xf2,0x79,0xc8,0xff,
	0xd9,0x6d,0xb3,0xff,0xf0,0x92,0xd2,0xff,0xdb,0xa1,0xc3,0xff,0x2e,0x22,0x29,0xff,
	0x0b,0x0b,0x07,0xff,0x48,0x44,0x2c,0xff,0x5d,0x59,0x39,0xff,0x36,0x34,0x20,0xff,
	0x26,0x16,0x18,0xff,0x98,0x58,0x62,0xff,0xc6,0x74,0x80,0xff,0xc0,0x70,0x7c,0xff,
	0xc6,0x74,0x80,0xff,0x98,0x58,0x61,0xff,0x26,0x16,0x18,0xff,0x19,0x2c,0x1a,0xff,
	0x2d,0x4c,0x2d,0xff,0x23,0x3a,0x23,0xff,0x05,0x09,0x05,0xff,0x32,0x25,0x2c,0xff,
	0xdd,0xa3,0xc5,0xff,0xf0,0x92,0xd2,0xff,0xd9,0x6d,0xb3,0xff,0xf2,0x79,0xc8,0xff,
	0xfb,0x85,0xce,0xff,0xfb,0x85,0xce,0xff,0xd9,0x6d,0xb3,0xff,0xff,0x00,0xff,0xff,
	0x00,0x00,0x00,0x00,0x00,0x00,0x00,0x00,0x00,0x00,0x00,0x00,0x00,0x00,0x00,0x00,
	0x00,0x00,0x00,0x00,0x00,0x00,0x00,0x00,0x00,0x00,0x00,0x00,0x00,0x00,0x00,0x00,
	0x00,0x00,0x00,0x00,0x00,0x00,0x00,0x00,0x00,0x00,0x00,0x00,0x00,0x00,0x00,0x00,
	0x00,0x00,0x00,0x00,0x00,0x00,0x00,0x00,0x00,0x00,0x00,0x00,0x00,0x00,0x00,0x00,
	0xd9,0x6d,0xb3,0xff,0xd9,0x6d,0xb3,0xff,0xd9,0x6d,0xb3,0xff,0xf2,0x79,0xc8,0xff,
	0xf2,0x79,0xc8,0xff,0xfb,0x85,0xce,0xff,0xfb,0x85,0xce,0xff,0xfb,0x85,0xce,0xff,
	0xfb,0x85,0xce,0xff,0xf2,0x79,0xc8,0xff,0xf2,0x79,0xc8,0xff,0xd9,0x6d,0xb3,0xff,
	0xd9,0x6d,0xb3,0xff,0xd9,0x6d,0xb3,0xff,0xd9,0x6d,0xb3,0xff,0xff,0x00,0xff,0xff,
	0xd0,0x68,0xab,0xff,0xf1,0x93,0xd3,0xff,0xf1,0xb1,0xd7,0xff,0xf1,0xb1,0xd7,0xff,
	0xf1,0xb1,0xd7,0xff,0xf1,0xb1,0xd7,0xff,0xed,0xae,0xd3,0xff,0xe5,0xa9,0xcc,0xff,
	0xd5,0x9d,0xbe,0xff,0xbb,0x89,0xa6,0xff,0x9a,0x71,0x89,0xff,0x7b,0x5a,0x6d,0xff,
	0x60,0x47,0x56,0xff,0x4b,0x37,0x43,0xff,0x3c,0x2c,0x35,0xff,0x32,0x25,0x2c,0xff,
	0x2c,0x20,0x27,0xff,0x26,0x1c,0x22,0xff,0x18,0x12,0x15,0xff,0x05,0x04,0x05,0xff,
	0x01,0x00,0x00,0xff,0x5c,0x33,0x39,0xff,0xab,0x63,0x6e,0xff,0xc5,0x74,0x7f,0xff,
	0xc1,0x71,0x7c,0xff,0xc1,0x71,0x7c,0xff,0xc1,0x71,0x7c,0xff,0xc1,0x71,0x7c,0xff,
	0xc1,0x71,0x7c,0xff,0xc1,0x71,0x7c,0xff,0xc1,0x71,0x7c,0xff,0xc1,0x71,0x7c,0xff,
	0xc1,0x71,0x7c,0xff,0xc1,0x71,0x7c,0xff,0xc1,0x71,0x7c,0xff,0xc1,0x71,0x7c,0xff,
	0xc1,0x71,0x7c,0xff,0xc1,0x71,0x7c,0xff,0xc1,0x71,0x7c,0xff,0xc4,0x74,0x7f,0xff,
	0xaf,0x66,0x71,0xff,0x62,0x38,0x3e,0xff,0x04,0x01,0x01,0xff,0x04,0x03,0x04,0xff,
	0x17,0x11,0x15,0xff,0x26,0x1c,0x22,0xff,0x2c,0x20,0x27,0xff,0x32,0x25,0x2c,0xff,
	0x3c,0x2c,0x35,0xff,0x4b,0x37,0x43,0xff,0x64,0x4a,0x59,0xff,0x84,0x61,0x76,0xff,
	0xa6,0x7a,0x94,0xff,0xc4,0x91,0xaf,0xff,0xdb,0xa1,0xc3,0xff,0xe7,0xaa,0xce,0xff,
	0xee,0xaf,0xd4,0xff,0xf1,0xb1,0xd7,0xff,0xf1,0xb1,0xd7,0xff,0xf1,0xb1,0xd7,0xff,
	0xf1,0xb1,0xd7,0xff,0xf1,0x93,0xd3,0xff,0xd0,0x68,0xab,0xff,0xf5,0x00,0xf5,0xff,
	0xd9,0x6d,0xb3,0xff,0xfb,0x85,0xce,0xff,0xfb,0x85,0xce,0xff,0xf2,0x79,0xc8,0xff,
	0xd9,0x6d,0xb3,0xff,0xfb,0x99,0xdc,0xff,0x37,0x28,0x31,0xff,0x26,0x25,0x17,0xff,
	0xc5,0xbc,0x78,0xff,0xf7,0xeb,0x96,0xff,0xf8,0xed,0x97,0xff,0xf3,0xe8,0x94,0xff,
	0x98,0x94,0x5d,0xff,0x1a,0x13,0x11,0xff,0xad,0x65,0x70,0xff,0xd1,0x7a,0x87,0xff,
	0xac,0x64,0x6f,0xff,0x15,0x11,0x0f,0xff,0x48,0x7f,0x4a,0xff,0x78,0xc7,0x78,0xff,
	0x7a,0xca,0x7a,0xff,0x79,0xc9,0x79,0xff,0x60,0x9f,0x60,0xff,0x12,0x1e,0x12,0xff,
	0x3b,0x2b,0x34,0xff,0xfb,0x99,0xdc,0xff,0xd9,0x6d,0xb3,0xff,0xf2,0x79,0xc8,0xff,
	0xfb,0x85,0xce,0xff,0xfb,0x85,0xce,0xff,0xd9,0x6d,0xb3,0xff,0xff,0x00,0xff,0xff,
	0x00,0x00,0x00,0x00,0x00,0x00,0x00,0x00,0x00,0x00,0x00,0x00,0x00,0x00,0x00,0x00,
	0x00,0x00,0x00,0x00,0x00,0x00,0x00,0x00,0x00,0x00,0x00,0x00,0x00,0x00,0x00,0x00,
	0x00,0x00,0x00,0x00,0x00,0x00,0x00,0x00,0x00,0x00,0x00,0x00,0x00,0x00,0x00,0x00,
	0x00,0x00,0x00,0x00,0x00,0x00,0x00,0x00,0x00,0x00,0x00,0x00,0x00,0x00,0x00,0x00,
	0xd9,0x6d,0xb3,0xff,0xd9,0x6d,0xb3,0xff,0xd9,0x6d,0xb3,0xff,0xf2,0x79,0xc8,0xff,
	0xf2,0x79,0xc8,0xff,0xfb,0x85,0xce,0xff,0xfb,0x85,0xce,0xff,0xfb,0x85,0xce,0xff,
	0xfb,0x85,0xce,0xff,0xf2,0x79,0xc8,0xff,0xf2,0x79,0xc8,0xff,0xd9,0x6d,0xb3,0xff,
	0xd9,0x6d,0xb3,0xff,0xd9,0x6d,0xb3,0xff,0xd9,0x6d,0xb3,0xff,0xff,0x00,0xff,0xff,
	0xd5,0x6b,0xb0,0xff,0xf7,0x96,0xd8,0xff,0xf7,0xb6,0xdc,0xff,0xf7,0xb6,0xdc,0xff,
	0xf7,0xb6,0xdc,0xff,0xf3,0xb3,0xd8,0xff,0xe5,0xa9,0xcc,0xff,0xc7,0x93,0xb2,0xff,
	0x9b,0x72,0x8a,0xff,0x6b,0x4f,0x5f,0xff,0x3d,0x2c,0x36,0xff,0x1e,0x16,0x1b,0xff,
	0x0e,0x0a,0x0d,0xff,0x06,0x05,0x06,0xff,0x03,0x02,0x03,0xff,0x01,0x01,0x01,0xff,
	0x01,0x01,0x01,0xff,0x01,0x01,0x01,0xff,0x01,0x01,0x01,0xff,0x00,0x00,0x00,0xff,
	0x0a,0x04,0x05,0xff,0x68,0x3c,0x41,0xff,0xb1,0x68,0x73,0xff,0xc3,0x73,0x7e,0xff,
	0xc6,0x75,0x80,0xff,0xc5,0x74,0x7f,0xff,0xc5,0x74,0x7f,0xff,0xc5,0x74,0x7f,0xff,
	0xc5,0x74,0x7f,0xff,0xc5,0x74,0x7f,0xff,0xc5,0x74,0x7f,0xff,0xc5,0x74,0x7f,0xff,
	0xc5,0x74,0x7f,0xff,0xc5,0x74,0x7f,0xff,0xc5,0x74,0x7f,0xff,0xc5,0x74,0x7f,0xff,
	0xc5,0x74,0x7f,0xff,0xc5,0x74,0x7f,0xff,0xc6,0x74,0x80,0xff,0xc3,0x73,0x7e,0xff,
	0xb5,0x6a,0x75,0xff,0x6d,0x3e,0x45,0xff,0x0f,0x06,0x07,0xff,0x00,0x00,0x00,0xff,
	0x01,0x01,0x01,0xff,0x01,0x01,0x01,0xff,0x01,0x01,0x01,0xff,0x01,0x01,0x01,0xff,
	0x02,0x02,0x02,0xff,0x06,0x05,0x06,0xff,0x10,0x0c,0x0e,0xff,0x24,0x1a,0x20,0xff,
	0x4a,0x37,0x42,0xff,0x7b,0x5a,0x6d,0xff,0xa8,0x7c,0x96,0xff,0xcd,0x97,0xb7,0xff,
	0xe6,0xa9,0xcd,0xff,0xf3,0xb3,0xd8,0xff,0xf7,0xb6,0xdc,0xff,0xf7,0xb6,0xdc,0xff,
	0xf7,0xb6,0xdc,0xff,0xf7,0x96,0xd8,0xff,0xd5,0x6b,0xb0,0xff,0xfb,0x00,0xfb,0xff,
	0xd9,0x6d,0xb3,0xff,0xfb,0x85,0xce,0xff,0xfb,0x85,0xce,0xff,0xf2,0x79,0xc8,0xff,
	0xd9,0x6d,0xb3,0xff,0xb6,0x6f,0x9f,0xff,0x04,0x04,0x03,0xff,0xb6,0xae,0x6f,0xff,
	0xf9,0xee,0x98,0xff,0xee,0xe3,0x91,0xff,0xee,0xe3,0x91,0xff,0xef,0xe4,0x92,0xff,
	0xfc,0xf0,0x9a,0xff,0x71,0x70,0x45,0xff,0x4b,0x29,0x31,0xff,0xd7,0x7e,0x8b,0xff,
	0x4d,0x29,0x31,0xff,0x34,0x61,0x37,0xff,0x7c,0xce,0x7c,0xff,0x75,0xc3,0x75,0xff,
	0x75,0xc2,0x75,0xff,0x75,0xc2,0x75,0xff,0x7b,0xcb,0x7b,0xff,0x58,0x92,0x58,0xff,
	0x02,0x03,0x02,0xff,0xb9,0x70,0xa2,0xff,0xd9,0x6d,0xb3,0xff,0xf2,0x79,0xc8,0xff,
	0xfb,0x85,0xce,0xff,0xfb,0x85,0xce,0xff,0xd9,0x6d,0xb3,0xff,0xff,0x00,0xff,0xff,
	0x00,0x00,0x00,0x00,0x00,0x00,0x00,0x00,0x00,0x00,0x00,0x00,0x00,0x00,0x00,0x00,
	0x00,0x00,0x00,0x00,0x00,0x00,0x00,0x00,0x00,0x00,0x00,0x00,0x00,0x00,0x00,0x00,
	0x00,0x00,0x00,0x00,0x00,0x00,0x00,0x00,0x00,0x00,0x00,0x00,0x00,0x00,0x00,0x00,
	0x00,0x00,0x00,0x00,0x00,0x00,0x00,0x00,0x00,0x00,0x00,0x00,0x00,0x00,0x00,0x00,
	0xd9,0x6d,0xb3,0xff,0xd9,0x6d,0xb3,0xff,0xd9,0x6d,0xb3,0xff,0xf2,0x79,0xc8,0xff,
	0xf2,0x79,0xc8,0xff,0xfb,0x85,0xce,0xff,0xfb,0x85,0xce,0xff,0xfb,0x85,0xce,0xff,
	0xfb,0x85,0xce,0xff,0xf2,0x79,0xc8,0xff,0xf2,0x79,0xc8,0xff,0xd9,0x6d,0xb3,0xff,
	0xd9,0x6d,0xb3,0xff,0xd9,0x6d,0xb3,0xff,0xd9,0x6d,0xb3,0xff,0xff,0x00,0xff,0xff,
	0xd9,0x6d,0xb3,0xff,0xfb,0x99,0xdc,0xff,0xfb,0xb9,0xe0,0xff,0xfb,0xb9,0xe0,0xff,
	0xf7,0xb6,0xdc,0xff,0xe8,0xab,0xcf,0xff,0xc3,0x90,0xae,0xff,0x84,0x61,0x76,0xff,
	0x42,0x31,0x3b,0xff,0x17,0x11,0x15,0xff,0x04,0x03,0x04,0xff,0x00,0x00,0x00,0xff,
	0x0a,0x0a,0x04,0xff,0x21,0x1f,0x11,0xff,0x32,0x30,0x1c,0xff,0x3a,0x37,0x21,0xff,
	0x38,0x35,0x1f,0xff,0x2c,0x2a,0x18,0xff,0x17,0x16,0x0b,0xff,0x03,0x02,0x02,0xff,
	0x00,0x00,0x00,0xff,0x07,0x03,0x04,0xff,0x44,0x26,0x2b,0xff,0x8f,0x53,0x5b,0xff,
	0xc0,0x70,0x7b,0xff,0xca,0x76,0x82,0xff,0xca,0x76,0x82,0xff,0xc9,0x76,0x82,0xff,
	0xc9,0x76,0x82,0xff,0xc9,0x76,0x82,0xff,0xc9,0x76,0x82,0xff,0xc9,0x76,0x82,0xff,
	0xc9,0x76,0x82,0xff,0xc9,0x76,0x82,0xff,0xc9,0x76,0x82,0xff,0xc9,0x76,0x82,0xff,
	0xca,0x76,0x82,0xff,0xca,0x77,0x82,0xff,0xc1,0x71,0x7d,0xff,0x94,0x56,0x5f,0xff,
	0x49,0x2a,0x2e,0xff,0x0a,0x04,0x05,0xff,0x00,0x00,0x00,0xff,0x01,0x02,0x01,0xff,
	0x07,0x10,0x07,0xff,0x11,0x21,0x11,0xff,0x18,0x2c,0x18,0xff,0x19,0x2f,0x19,0xff,
	0x16,0x29,0x16,0xff,0x0d,0x1b,0x0d,0xff,0x03,0x08,0x03,0xff,0x00,0x00,0x00,0xff,
	0x06,0x05,0x06,0xff,0x1d,0x15,0x1a,0xff,0x4b,0x37,0x43,0xff,0x8a,0x66,0x7b,0xff,
	0xc4,0x91,0xaf,0xff,0xe8,0xab,0xcf,0xff,0xf7,0xb6,0xdc,0xff,0xfb,0xb9,0xe0,0xff,
	0xfb,0xb9,0xe0,0xff,0xfb,0x99,0xdc,0xff,0xd9,0x6d,0xb3,0xff,0xff,0x00,0xff,0xff,
	0xd9,0x6d,0xb3,0xff,0xfb,0x85,0xce,0xff,0xfb,0x85,0xce,0xff,0xf2,0x79,0xc8,0xff,
	0xd9,0x6d,0xb3,0xff,0x75,0x47,0x66,0xff,0x29,0x27,0x19,0xff,0xeb,0xe0,0x8f,0xff,
	0xf4,0xe9,0x95,0xff,0xf8,0xec,0x97,0xff,0xf8,0xed,0x97,0xff,0xf7,0xeb,0x96,0xff,
	0xf7,0xec,0x96,0xff,0xc0,0xb9,0x75,0xff,0x2b,0x1b,0x1c,0xff,0xcb,0x76,0x83,0xff,
	0x28,0x1a,0x1b,0xff,0x5d,0xa0,0x5f,0xff,0x79,0xc9,0x79,0xff,0x79,0xc9,0x79,0xff,
	0x7a,0xca,0x7a,0xff,0x7a,0xca,0x7a,0xff,0x78,0xc7,0x78,0xff,0x73,0xbf,0x73,0xff,
	0x13,0x20,0x13,0xff,0x79,0x49,0x6a,0xff,0xd9,0x6d,0xb3,0xff,0xf2,0x79,0xc8,0xff,
	0xfb,0x85,0xce,0xff,0xfb,0x85,0xce,0xff,0xd9,0x6d,0xb3,0xff,0xff,0x00,0xff,0xff,
	0x00,0x00,0x00,0x00,0x00,0x00,0x00,0x00,0x00,0x00,0x00,0x00,0x00,0x00,0x00,0x00,
	0x00,0x00,0x00,0x00,0x00,0x00,0x00,0x00,0x00,0x00,0x00,0x00,0x00,0x00,0x00,0x00,
	0x00,0x00,0x00,0x00,0x00,0x00,0x00,0x00,0x00,0x00,0x00,0x00,0x00,0x00,0x00,0x00,
	0x00,0x00,0x00,0x00,0x00,0x00,0x00,0x00,0x00,0x00,0x00,0x00,0x00,0x00,0x00,0x00,
	0xc7,0x68,0xa9,0xff,0xc7,0x68,0xa9,0xff,0xc7,0x68,0xa9,0xff,0xf2,0x79,0xc8,0xff,
	0xf2,0x79,0xc8,0xff,0xfb,0x85,0xce,0xff,0xfb,0x85,0xce,0xff,0xfb,0x85,0xce,0xff,
	0xfb,0x85,0xce,0xff,0xf2,0x79,0xc8,0xff,0xf2,0x79,0xc8,0xff,0xc7,0x68,0xa9,0xff,
	0xc7,0x68,0xa9,0xff,0xd9,0x6d,0xb3,0xff,0xd9,0x6d,0xb3,0xff,0xff,0x00,0xff,0xff,
	0xd9,0x6d,0xb3,0xff,0xfb,0x99,0xdc,0xff,0xfb,0xb9,0xe0,0xff,0xf7,0xb6,0xdc,0xff,
	0xe8,0xab,0xcf,0xff,0xc2,0x8f,0xad,0xff,0x7d,0x5c,0x70,0xff,0x31,0x24,0x2b,0xff,
	0x08,0x06,0x07,0xff,0x02,0x02,0x01,0xff,0x1e,0x1c,0x0f,0xff,0x4e,0x4a,0x2d,0xff,
	0x72,0x6c,0x44,0xff,0x89,0x83,0x53,0xff,0x9b,0x94,0x5e,0xff,0xa4,0x9c,0x64,0xff,
	0xa1,0x9a,0x62,0xff,0x94,0x8d,0x5a,0xff,0x7f,0x79,0x4c,0xff,0x63,0x5f,0x3a,0xff,
	0x3b,0x38,0x21,0xff,0x0a,0x09,0x04,0xff,0x00,0x00,0x00,0xff,0x1f,0x0f,0x12,0xff,
	0x73,0x43,0x4a,0xff,0xb6,0x6b,0x76,0xff,0xc9,0x76,0x82,0xff,0xca,0x76,0x82,0xff,
	0xc9,0x76,0x82,0xff,0xc9,0x76,0x82,0xff,0xc9,0x76,0x82,0xff,0xc9,0x76,0x82,0xff,
	0xc9,0x76,0x82,0xff,0xc9,0x76,0x82,0xff,0xc9,0x76,0x82,0xff,0xc9,0x76,0x82,0xff,
	0xca,0x77,0x82,0xff,0xb9,0x6c,0x77,0xff,0x79,0x46,0x4d,0xff,0x25,0x13,0x15,0xff,
	0x00,0x00,0x00,0xff,0x02,0x05,0x02,0xff,0x17,0x2b,0x17,0xff,0x2d,0x4e,0x2d,0xff,
	0x3c,0x65,0x3c,0xff,0x47,0x77,0x47,0xff,0x4f,0x83,0x4f,0xff,0x50,0x86,0x50,0xff,
	0x4c,0x7f,0x4c,0xff,0x43,0x71,0x43,0xff,0x37,0x5d,0x37,0xff,0x24,0x40,0x24,0xff,
	0x0d,0x1a,0x0d,0xff,0x01,0x02,0x01,0xff,0x09,0x07,0x08,0xff,0x32,0x25,0x2c,0xff,
	0x7d,0x5c,0x6f,0xff,0xc1,0x8e,0xad,0xff,0xe8,0xab,0xcf,0xff,0xf7,0xb6,0xdc,0xff,
	0xfb,0xb9,0xe0,0xff,0xfb,0x99,0xdc,0xff,0xd9,0x6d,0xb3,0xff,0xff,0x00,0xff,0xff,
	0xd9,0x6d,0xb3,0xff,0xfb,0x85,0xce,0xff,0xfb,0x85,0xce,0xff,0xf2,0x79,0xc8,0xff,
	0xd9,0x6d,0xb3,0xff,0x75,0x47,0x66,0xff,0x29,0x27,0x19,0xff,0xef,0xe4,0x92,0xff,
	0xc8,0xbe,0x78,0xff,0x83,0x7d,0x4b,0xff,0x70,0x6a,0x3f,0xff,0x93,0x8b,0x55,0xff,
	0xe0,0xd6,0x88,0xff,0xc7,0xbf,0x79,0xff,0x18,0x0f,0x10,0xff,0x76,0x44,0x4c,0xff,
	0x16,0x0f,0x0f,0xff,0x62,0xa5,0x63,0xff,0x6c,0xb5,0x6c,0xff,0x42,0x75,0x43,0xff,
	0x31,0x59,0x31,0xff,0x3b,0x69,0x3b,0xff,0x60,0xa3,0x60,0xff,0x75,0xc2,0x75,0xff,
	0x13,0x20,0x13,0xff,0x79,0x49,0x6a,0xff,0xd9,0x6d,0xb3,0xff,0xf2,0x79,0xc8,0xff,
	0xfb,0x85,0xce,0xff,0xfb,0x85,0xce,0xff,0xd9,0x6d,0xb3,0xff,0xff,0x00,0xff,0xff,
	0x00,0x00,0x00,0x00,0x00,0x00,0x00,0x00,0x00,0x00,0x00,0x00,0x00,0x00,0x00,0x00,
	0x00,0x00,0x00,0x00,0x00,0x00,0x00,0x00,0x00,0x00,0x00,0x00,0x00,0x00,0x00,0x00,
	0x00,0x00,0x00,0x00,0x00,0x00,0x00,0x00,0x00,0x00,0x00,0x00,0x00,0x00,0x00,0x00,
	0x00,0x00,0x00,0x00,0x00,0x00,0x00,0x00,0x00,0x00,0x00,0x00,0x00,0x00,0x00,0x00,
	0x9b,0x5a,0x86,0xff,0x9b,0x5a,0x86,0xff,0x9b,0x5a,0x86,0xff,0xf2,0x79,0xc8,0xff,
	0xf2,0x79,0xc8,0xff,0xfb,0x85,0xce,0xff,0xfb,0x85,0xce,0xff,0xfb,0x85,0xce,0xff,
	0xfb,0x85,0xce,0xff,0xf2,0x79,0xc8,0xff,0xf2,0x79,0xc8,0xff,0x9b,0x5a,0x86,0xff,
	0x9b,0x5a,0x86,0xff,0xd9,0x6d,0xb3,0xff,0xd9,0x6d,0xb3,0xff,0xff,0x00,0xff,0xff,
	0xd9,0x6d,0xb3,0xff,0xfb,0x99,0xdc,0xff,0xf7,0xb6,0xdc,0xff,0xe9,0xab,0xd0,0xff,
	0xc3,0x90,0xae,0xff,0x7c,0x5b,0x6e,0xff,0x2a,0x1f,0x25,0xff,0x04,0x03,0x04,0xff,
	0x0f,0x0d,0x05,0xff,0x45,0x42,0x28,0xff,0x85,0x7e,0x50,0xff,0xba,0xb1,0x71,0xff,
	0xe3,0xd9,0x8b,0xff,0xf3,0xe8,0x94,0xff,0xf5,0xea,0x96,0xff,0xf5,0xea,0x96,0xff,
	0xf5,0xea,0x96,0xff,0xf4,0xe9,0x95,0xff,0xed,0xe2,0x90,0xff,0xd3,0xc9,0x80,0xff,
	0xa2,0x9b,0x62,0xff,0x6b,0x65,0x3f,0xff,0x2d,0x2a,0x18,0xff,0x00,0x00,0x00,0xff,
	0x10,0x07,0x08,0xff,0x6b,0x3e,0x44,0xff,0xb3,0x69,0x73,0xff,0xca,0x77,0x83,0xff,
	0xc9,0x76,0x82,0xff,0xc9,0x76,0x82,0xff,0xc9,0x76,0x82,0xff,0xc9,0x76,0x82,0xff,
	0xc9,0x76,0x82,0xff,0xc9,0x76,0x82,0xff,0xc9,0x76,0x82,0xff,0xca,0x77,0x83,0xff,
	0xb7,0x6b,0x76,0xff,0x72,0x42,0x49,0xff,0x15,0x0a,0x0c,0xff,0x00,0x00,0x00,0xff,
	0x0f,0x1e,0x0f,0xff,0x2f,0x52,0x2f,0xff,0x4d,0x80,0x4d,0xff,0x66,0xaa,0x66,0xff,
	0x74,0xc0,0x74,0xff,0x78,0xc7,0x78,0xff,0x79,0xc8,0x79,0xff,0x79,0xc8,0x79,0xff,
	0x79,0xc8,0x79,0xff,0x78,0xc6,0x78,0xff,0x70,0xba,0x70,0xff,0x5d,0x9a,0x5d,0xff,
	0x42,0x6e,0x42,0xff,0x22,0x3b,0x22,0xff,0x04,0x0c,0x04,0xff,0x04,0x03,0x04,0xff,
	0x29,0x1e,0x24,0xff,0x7a,0x59,0x6c,0xff,0xc2,0x8f,0xad,0xff,0xe9,0xab,0xd0,0xff,
	0xf7,0xb6,0xdc,0xff,0xfb,0x99,0xdc,0xff,0xd9,0x6d,0xb3,0xff,0xff,0x00,0xff,0xff,
	0xd9,0x6d,0xb3,0xff,0xfb,0x85,0xce,0xff,0xfb,0x85,0xce,0xff,0xf2,0x79,0xc8,0xff,
	0xd9,0x6d,0xb3,0xff,0xb7,0x6f,0xa0,0xff,0x0d,0x0d,0x09,0xff,0x52,0x4e,0x2f,0xff,
	0x19,0x19,0x1d,0xff,0x2c,0x30,0x51,0xff,0x38,0x3d,0x64,0xff,0x23,0x26,0x41,0xff,
	0x26,0x25,0x1c,0xff,0x4c,0x48,0x2c,0xff,0x00,0x00,0x00,0xff,0x00,0x00,0x00,0xff,
	0x00,0x00,0x00,0xff,0x23,0x3d,0x23,0xff,0x18,0x21,0x18,0xff,0x48,0x30,0x45,0xff,
	0x6d,0x4b,0x69,0xff,0x57,0x3b,0x53,0xff,0x1d,0x1b,0x1c,0xff,0x24,0x42,0x25,0xff,
	0x08,0x0b,0x08,0xff,0xbb,0x72,0xa3,0xff,0xd9,0x6d,0xb3,0xff,0xf2,0x79,0xc8,0xff,
	0xfb,0x85,0xce,0xff,0xfb,0x85,0xce,0xff,0xd9,0x6d,0xb3,0xff,0xff,0x00,0xff,0xff,
	0x00,0x00,0x00,0x00,0x00,0x00,0x00,0x00,0x00,0x00,0x00,0x00,0x00,0x00,0x00,0x00,
	0x00,0x00,0x00,0x00,0x00,0x00,0x00,0x00,0x00,0x00,0x00,0x00,0x00,0x00,0x00,0x00,
	0x00,0x00,0x00,0x00,0x00,0x00,0x00,0x00,0x00,0x00,0x00,0x00,0x00,0x00,0x00,0x00,
	0x00,0x00,0x00,0x00,0x00,0x00,0x00,0x00,0x00,0x00,0x00,0x00,0x00,0x00,0x00,0x00,
	0xff,0x00,0xff,0xff,0xff,0x00,0xff,0xff,0xff,0x00,0xff,0xff,0xff,0x00,0xff,0xff,
	0xff,0x00,0xff,0xff,0xff,0x00,0xff,0xff,0xff,0x00,0xff,0xff,0xff,0x00,0xff,0xff,
	0xff,0x00,0xff,0xff,0xff,0x00,0xff,0xff,0xff,0x00,0xff,0xff,0xff,0x00,0xff,0xff,
	0xff,0x00,0xff,0xff,0xff,0x00,0xff,0xff,0xff,0x00,0xff,0xff,0xff,0x00,0xff,0xff,
	0xd9,0x6d,0xb3,0xff,0xf8,0x97,0xd9,0xff,0xeb,0xad,0xd1,0xff,0xc6,0x92,0xb1,0xff,
	0x80,0x5f,0x73,0xff,0x2c,0x20,0x27,0xff,0x03,0x02,0x03,0xff,0x17,0x16,0x0a,0xff,
	0x5e,0x5a,0x37,0xff,0xae,0xa5,0x69,0xff,0xeb,0xe0,0x8f,0xff,0xf5,0xea,0x95,0xff,
	0xf0,0xe5,0x92,0xff,0xee,0xe3,0x91,0xff,0xee,0xe3,0x91,0xff,0xee,0xe3,0x91,0xff,
	0xee,0xe3,0x91,0xff,0xee,0xe3,0x91,0xff,0xef,0xe4,0x91,0xff,0xf2,0xe7,0x93,0xff,
	0xf2,0xe7,0x93,0xff,0xd6,0xcb,0x82,0xff,0x8c,0x85,0x54,0xff,0x40,0x3c,0x24,0xff,
	0x00,0x00,0x00,0xff,0x12,0x08,0x0a,0xff,0x75,0x43,0x4a,0xff,0xba,0x6d,0x78,0xff,
	0xcb,0x77,0x83,0xff,0xc9,0x76,0x82,0xff,0xc9,0x76,0x82,0xff,0xc9,0x76,0x82,0xff,
	0xc9,0x76,0x82,0xff,0xc9,0x76,0x82,0xff,0xcb,0x77,0x83,0xff,0xbd,0x6f,0x7a,0xff,
	0x7b,0x47,0x4e,0xff,0x18,0x0c,0x0e,0xff,0x00,0x00,0x00,0xff,0x18,0x2d,0x18,0xff,
	0x40,0x6c,0x40,0xff,0x66,0xa9,0x66,0xff,0x76,0xc4,0x76,0xff,0x77,0xc5,0x77,0xff,
	0x75,0xc3,0x75,0xff,0x75,0xc2,0x75,0xff,0x75,0xc2,0x75,0xff,0x75,0xc2,0x75,0xff,
	0x75,0xc2,0x75,0xff,0x75,0xc2,0x75,0xff,0x76,0xc3,0x76,0xff,0x78,0xc7,0x78,0xff,
	0x75,0xc1,0x75,0xff,0x58,0x92,0x58,0xff,0x2f,0x51,0x2f,0xff,0x08,0x14,0x08,0xff,
	0x03,0x02,0x03,0xff,0x2a,0x1f,0x25,0xff,0x7f,0x5e,0x72,0xff,0xc5,0x91,0xb0,0xff,
	0xeb,0xad,0xd1,0xff,0xf8,0x97,0xd9,0xff,0xd9,0x6d,0xb3,0xff,0xff,0x00,0xff,0xff,
	0xd9,0x6d,0xb3,0xff,0xfb,0x85,0xce,0xff,0xfb,0x85,0xce,0xff,0xf2,0x79,0xc8,0xff,
	0xd9,0x6d,0xb3,0xff,0xef,0x92,0xd1,0xff,0x11,0x0d,0x0f,0xff,0x15,0x17,0x29,0xff,
	0x6b,0x72,0xad,0xff,0x7c,0x84,0xc6,0xff,0x7b,0x83,0xc5,0xff,0x7b,0x84,0xc6,0xff,
	0x58,0x5e,0x91,0xff,0x04,0x06,0x0e,0xff,0x00,0x00,0x00,0xff,0x00,0x00,0x00,0xff,
	0x00,0x00,0x00,0xff,0x11,0x09,0x10,0xff,0x9d,0x71,0x97,0xff,0xd3,0x9b,0xcb,0xff,
	0xd3,0x9a,0xca,0xff,0xd4,0x9b,0xcb,0xff,0xb9,0x86,0xb1,0xff,0x2b,0x1c,0x29,0xff,
	0x13,0x0e,0x11,0xff,0xf1,0x93,0xd3,0xff,0xd9,0x6d,0xb3,0xff,0xf2,0x79,0xc8,0xff,
	0xfb,0x85,0xce,0xff,0xfb,0x85,0xce,0xff,0xd9,0x6d,0xb3,0xff,0xff,0x00,0xff,0xff,
	0x00,0x00,0x00,0x00,0x00,0x00,0x00,0x00,0x00,0x00,0x00,0x00,0x00,0x00,0x00,0x00,
	0x00,0x00,0x00,0x00,0x00,0x00,0x00,0x00,0x00,0x00,0x00,0x00,0x00,0x00,0x00,0x00,
	0x00,0x00,0x00,0x00,0x00,0x00,0x00,0x00,0x00,0x00,0x00,0x00,0x00,0x00,0x00,0x00,
	0x00,0x00,0x00,0x00,0x00,0x00,0x00,0x00,0x00,0x00,0x00,0x00,0x00,0x00,0x00,0x00,
	0x00,0x00,0x00,0x00,0x00,0x00,0x00,0x00,0x00,0x00,0x00,0x00,0x00,0x00,0x00,0x00,
	0x00,0x00,0x00,0x00,0x00,0x00,0x00,0x00,0x00,0x00,0x00,0x00,0x00,0x00,0x00,0x00,
	0x00,0x00,0x00,0x00,0x00,0x00,0x00,0x00,0x00,0x00,0x00,0x00,0x00,0x00,0x00,0x00,
	0x00,0x00,0x00,0x00,0x00,0x00,0x00,0x00,0x00,0x00,0x00,0x00,0x00,0x00,0x00,0x00,
	0xd8,0x6c,0xb2,0xff,0xf2,0x93,0xd4,0xff,0xd0,0x99,0xba,0xff,0x8d,0x68,0x7e,0xff,
	0x35,0x27,0x2f,0xff,0x05,0x04,0x05,0xff,0x13,0x12,0x07,0xff,0x60,0x5c,0x39,0xff,
	0xc2,0xb9,0x76,0xff,0xf5,0xe9,0x95,0xff,0xf0,0xe5,0x92,0xff,0xee,0xe3,0x91,0xff,
	0xee,0xe3,0x91,0xff,0xee,0xe3,0x91,0xff,0xee,0xe3,0x91,0xff,0xee,0xe3,0x91,0xff,
	0xee,0xe3,0x91,0xff,0xee,0xe3,0x91,0xff,0xee,0xe3,0x91,0xff,0xee,0xe3,0x91,0xff,
	0xef,0xe3,0x91,0xff,0xf2,0xe7,0x93,0xff,0xe3,0xd9,0x8a,0xff,0x9e,0x97,0x60,0xff,
	0x3e,0x3b,0x23,0xff,0x00,0x00,0x00,0xff,0x27,0x15,0x17,0xff,0x8a,0x50,0x58,0xff,
	0xc5,0x73,0x7f,0xff,0xca,0x77,0x83,0xff,0xc9,0x76,0x82,0xff,0xc9,0x76,0x82,0xff,
	0xc9,0x76,0x82,0xff,0xca,0x77,0x83,0xff,0xc6,0x75,0x80,0xff,0x8f,0x53,0x5c,0xff,
	0x2f,0x19,0x1c,0xff,0x00,0x00,0x00,0xff,0x17,0x2a,0x17,0xff,0x48,0x79,0x48,0xff,
	0x6e,0xb7,0x6e,0xff,0x77,0xc5,0x77,0xff,0x75,0xc3,0x75,0xff,0x75,0xc2,0x75,0xff,
	0x75,0xc2,0x75,0xff,0x75,0xc2,0x75,0xff,0x75,0xc2,0x75,0xff,0x75,0xc2,0x75,0xff,
	0x75,0xc2,0x75,0xff,0x75,0xc2,0x75,0xff,0x75,0xc2,0x75,0xff,0x75,0xc2,0x75,0xff,
	0x76,0xc3,0x76,0xff,0x78,0xc8,0x78,0xff,0x62,0xa3,0x62,0xff,0x31,0x55,0x31,0xff,
	0x06,0x12,0x06,0xff,0x04,0x03,0x04,0xff,0x32,0x25,0x2c,0xff,0x8a,0x66,0x7b,0xff,
	0xd0,0x99,0xba,0xff,0xf2,0x93,0xd4,0xff,0xd8,0x6c,0xb2,0xff,0xff,0x00,0xff,0xff,
	0xd9,0x6d,0xb3,0xff,0xfb,0x85,0xce,0xff,0xfb,0x85,0xce,0xff,0xf2,0x79,0xc8,0xff,
	0xd9,0x6d,0xb3,0xff,0xaa,0x67,0x95,0xff,0x05,0x05,0x07,0xff,0x61,0x68,0x9c,0xff,
	0x7a,0x83,0xc4,0xff,0x76,0x7e,0xbd,0xff,0x76,0x7e,0xbd,0xff,0x76,0x7e,0xbe,0xff,
	0x80,0x88,0xcc,0xff,0x38,0x3d,0x5d,0xff,0x00,0x00,0x00,0xff,0x00,0x00,0x00,0xff,
	0x00,0x00,0x00,0xff,0x65,0x4a,0x62,0xff,0xda,0xa0,0xd1,0xff,0xcb,0x94,0xc3,0xff,
	0xca,0x94,0xc2,0xff,0xca,0x94,0xc2,0xff,0xd2,0x9a,0xc9,0xff,0xa5,0x79,0x9e,0xff,
	0x07,0x05,0x07,0xff,0xad,0x69,0x97,0xff,0xd9,0x6d,0xb3,0xff,0xf2,0x79,0xc8,0xff,
	0xfb,0x85,0xce,0xff,0xfb,0x85,0xce,0xff,0xd9,0x6d,0xb3,0xff,0xff,0x00,0xff,0xff,
	0x00,0x00,0x00,0x00,0x00,0x00,0x00,0x00,0x00,0x00,0x00,0x00,0x00,0x00,0x00,0x00,
	0x00,0x00,0x00,0x00,0x00,0x00,0x00,0x00,0x00,0x00,0x00,0x00,0x00,0x00,0x00,0x00,
	0x00,0x00,0x00,0x00,0x00,0x00,0x00,0x00,0x00,0x00,0x00,0x00,0x00,0x00,0x00,0x00,
	0x00,0x00,0x00,0x00,0x00,0x00,0x00,0x00,0x00,0x00,0x00,0x00,0x00,0x00,0x00,0x00,
	0x00,0x00,0x00,0x00,0x00,0x00,0x00,0x00,0x00,0x00,0x00,0x00,0x00,0x00,0x00,0x00,
	0x00,0x00,0x00,0x00,0x00,0x00,0x00,0x00,0x00,0x00,0x00,0x00,0x00,0x00,0x00,0x00,
	0x00,0x00,0x00,0x00,0x00,0x00,0x00,0x00,0x00,0x00,0x00,0x00,0x00,0x00,0x00,0x00,
	0x00,0x00,0x00,0x00,0x00,0x00,0x00,0x00,0x00,0x00,0x00,0x00,0x00,0x00,0x00,0x00,
	0xd7,0x6c,0xb1,0xff,0xe6,0x8c,0xc9,0xff,0xac,0x7e,0x99,0xff,0x4d,0x39,0x45,0xff,
	0x0a,0x07,0x09,0xff,0x07,0x06,0x02,0xff,0x4a,0x46,0x2b,0xff,0xbc,0xb4,0x72,0xff,
	0xf5,0xea,0x96,0xff,0xef,0xe4,0x91,0xff,0xee,0xe3,0x91,0xff,0xee,0xe3,0x91,0xff,
	0xee,0xe3,0x91,0xff,0xee,0xe3,0x91,0xff,0xee,0xe3,0x91,0xff,0xee,0xe3,0x91,0xff,
	0xee,0xe3,0x91,0xff,0xee,0xe3,0x91,0xff,0xee,0xe3,0x91,0xff,0xee,0xe3,0x91,0xff,
	0xee,0xe3,0x91,0xff,0xee,0xe3,0x91,0xff,0xf1,0xe6,0x93,0xff,0xe1,0xd7,0x89,0xff,
	0x95,0x8e,0x5a,0xff,0x23,0x21,0x12,0xff,0x00,0x00,0x00,0xff,0x52,0x2e,0x33,0xff,
	0xa6,0x61,0x6b,0xff,0xcc,0x78,0x84,0xff,0xc9,0x76,0x82,0xff,0xc9,0x76,0x82,0xff,
	0xc9,0x76,0x82,0xff,0xcc,0x78,0x84,0xff,0xab,0x64,0x6f,0xff,0x5a,0x33,0x39,0xff,
	0x00,0x00,0x00,0xff,0x0a,0x15,0x0a,0xff,0x43,0x71,0x43,0xff,0x6d,0xb5,0x6d,0xff,
	0x76,0xc5,0x76,0xff,0x75,0xc2,0x75,0xff,0x75,0xc2,0x75,0xff,0x75,0xc2,0x75,0xff,
	0x75,0xc2,0x75,0xff,0x75,0xc2,0x75,0xff,0x75,0xc2,0x75,0xff,0x75,0xc2,0x75,0xff,
	0x75,0xc2,0x75,0xff,0x75,0xc2,0x75,0xff,0x75,0xc2,0x75,0xff,0x75,0xc2,0x75,0xff,
	0x75,0xc2,0x75,0xff,0x75,0xc2,0x75,0xff,0x78,0xc8,0x78,0xff,0x60,0x9f,0x60,0xff,
	0x25,0x41,0x25,0xff,0x02,0x06,0x02,0xff,0x09,0x07,0x08,0xff,0x4a,0x37,0x42,0xff,
	0xac,0x7e,0x99,0xff,0xe5,0x8b,0xc9,0xff,0xd6,0x6b,0xb0,0xff,0xff,0x00,0xff,0xff,
	0xd9,0x6d,0xb3,0xff,0xfb,0x85,0xce,0xff,0xfb,0x85,0xce,0xff,0xf2,0x79,0xc8,0xff,
	0xd9,0x6d,0xb3,0xff,0x6f,0x43,0x61,0xff,0x16,0x17,0x23,0xff,0x75,0x7d,0xbc,0xff,
	0x77,0x7f,0xbe,0xff,0x76,0x7e,0xbd,0xff,0x76,0x7e,0xbd,0xff,0x79,0x81,0xc1,0xff,
	0x3c,0x42,0x66,0xff,0x1d,0x17,0x17,0xff,0x67,0x4c,0x3b,0xff,0x87,0x64,0x4e,0xff,
	0x66,0x4b,0x3a,0xff,0x21,0x18,0x17,0xff,0x6c,0x4f,0x6a,0xff,0xcf,0x98,0xc7,0xff,
	0xca,0x94,0xc2,0xff,0xca,0x94,0xc2,0xff,0xcb,0x95,0xc3,0xff,0xc8,0x92,0xc0,0xff,
	0x24,0x1a,0x22,0xff,0x75,0x47,0x66,0xff,0xd9,0x6d,0xb3,0xff,0xf2,0x79,0xc8,0xff,
	0xfb,0x85,0xce,0xff,0xfb,0x85,0xce,0xff,0xd9,0x6d,0xb3,0xff,0xff,0x00,0xff,0xff,
	0x00,0x00,0x00,0x00,0x00,0x00,0x00,0x00,0x00,0x00,0x00,0x00,0x00,0x00,0x00,0x00,
	0x00,0x00,0x00,0x00,0x00,0x00,0x00,0x00,0x00,0x00,0x00,0x00,0x00,0x00,0x00,0x00,
	0x00,0x00,0x00,0x00,0x00,0x00,0x00,0x00,0x00,0x00,0x00,0x00,0x00,0x00,0x00,0x00,
	0x00,0x00,0x00,0x00,0x00,0x00,0x00,0x00,0x00,0x00,0x00,0x00,0x00,0x00,0x00,0x00,
	0x00,0x00,0x00,0x00,0x00,0x00,0x00,0x00,0x00,0x00,0x00,0x00,0x00,0x00,0x00,0x00,
	0x00,0x00,0x00,0x00,0x00,0x00,0x00,0x00,0x00,0x00,0x00,0x00,0x00,0x00,0x00,0x00,
	0x00,0x00,0x00,0x00,0x00,0x00,0x00,0x00,0x00,0x00,0x00,0x00,0x00,0x00,0x00,0x00,
	0x00,0x00,0x00,0x00,0x00,0x00,0x00,0x00,0x00,0x00,0x00,0x00,0x00,0x00,0x00,0x00,
	0xd3,0x6a,0xae,0xff,0xd3,0x81,0xb9,0xff,0x83,0x61,0x75,0xff,0x21,0x18,0x1d,0xff,
	0x01,0x01,0x01,0xff,0x28,0x26,0x15,0xff,0x97,0x90,0x5c,0xff,0xf4,0xe8,0x94,0xff,
	0xef,0xe4,0x92,0xff,0xee,0xe3,0x91,0xff,0xee,0xe3,0x91,0xff,0xee,0xe3,0x91,0xff,
	0xee,0xe3,0x91,0xff,0xee,0xe3,0x91,0xff,0xee,0xe3,0x91,0xff,0xee,0xe3,0x91,0xff,
	0xee,0xe3,0x91,0xff,0xee,0xe3,0x91,0xff,0xee,0xe3,0x91,0xff,0xee,0xe3,0x91,0xff,
	0xee,0xe3,0x91,0xff,0xee,0xe3,0x91,0xff,0xee,0xe3,0x91,0xff,0xf1,0xe6,0x93,0xff,
	0xd5,0xcb,0x81,0xff,0x6d,0x68,0x41,0xff,0x02,0x02,0x01,0xff,0x15,0x0a,0x0b,0xff,
	0x84,0x4c,0x55,0xff,0xc3,0x72,0x7e,0xff,0xca,0x77,0x83,0xff,0xc9,0x76,0x82,0xff,
	0xca,0x76,0x82,0xff,0xc5,0x74,0x7f,0xff,0x8a,0x50,0x58,0xff,0x1c,0x0e,0x10,0xff,
	0x00,0x01,0x00,0xff,0x2f,0x50,0x2f,0xff,0x66,0xa9,0x66,0xff,0x76,0xc4,0x76,0xff,
	0x75,0xc2,0x75,0xff,0x75,0xc2,0x75,0xff,0x75,0xc2,0x75,0xff,0x75,0xc2,0x75,0xff,
	0x75,0xc2,0x75,0xff,0x75,0xc2,0x75,0xff,0x75,0xc2,0x75,0xff,0x75,0xc2,0x75,0xff,
	0x75,0xc2,0x75,0xff,0x75,0xc2,0x75,0xff,0x75,0xc2,0x75,0xff,0x75,0xc2,0x75,0xff,
	0x75,0xc2,0x75,0xff,0x75,0xc2,0x75,0xff,0x75,0xc2,0x75,0xff,0x78,0xc7,0x78,0xff,
	0x4f,0x83,0x4f,0xff,0x12,0x23,0x12,0xff,0x00,0x00,0x00,0xff,0x1e,0x16,0x1b,0xff,
	0x81,0x5f,0x73,0xff,0xd2,0x80,0xb8,0xff,0xd3,0x6a,0xae,0xff,0xff,0x00,0xff,0xff,
	0xd9,0x6d,0xb3,0xff,0xfb,0x85,0xce,0xff,0xfb,0x85,0xce,0xff,0xf2,0x79,0xc8,0xff,
	0xd9,0x6d,0xb3,0xff,0x7a,0x4a,0x6a,0xff,0x12,0x14,0x1d,0xff,0x73,0x7b,0xb9,0xff,
	0x77,0x7f,0xbe,0xff,0x76,0x7e,0xbd,0xff,0x7a,0x82,0xc3,0xff,0x49,0x50,0x7b,0xff,
	0x25,0x1a,0x12,0xff,0xc1,0x8e,0x6e,0xff,0xe4,0xa8,0x83,0xff,0xe2,0xa6,0x82,0xff,
	0xe4,0xa8,0x83,0xff,0xbf,0x8d,0x6d,0xff,0x22,0x19,0x11,0xff,0x84,0x60,0x80,0xff,
	0xd1,0x99,0xc8,0xff,0xca,0x94,0xc2,0xff,0xcc,0x95,0xc3,0xff,0xc4,0x90,0xbd,0xff,
	0x1e,0x16,0x1c,0xff,0x7d,0x4c,0x6e,0xff,0xd9,0x6d,0xb3,0xff,0xf2,0x79,0xc8,0xff,
	0xfb,0x85,0xce,0xff,0xfb,0x85,0xce,0xff,0xd9,0x6d,0xb3,0xff,0xff,0x00,0xff,0xff,
	0x00,0x00,0x00,0x00,0x00,0x00,0x00,0x00,0x00,0x00,0x00,0x00,0x00,0x00,0x00,0x00,
	0x00,0x00,0x00,0x00,0x00,0x00,0x00,0x00,0x00,0x00,0x00,0x00,0x00,0x00,0x00,0x00,
	0x00,0x00,0x00,0x00,0x00,0x00,0x00,0x00,0x00,0x00,0x00,0x00,0x00,0x00,0x00,0x00,
	0x00,0x00,0x00,0x00,0x00,0x00,0x00,0x00,0x00,0x00,0x00,0x00,0x00,0x00,0x00,0x00,
	0x00,0x00,0x00,0x00,0x00,0x00,0x00,0x00,0x00,0x00,0x00,0x00,0x00,0x00,0x00,0x00,
	0x00,0x00,0x00,0x00,0x00,0x00,0x00,0x00,0x00,0x00,0x00,0x00,0x00,0x00,0x00,0x00,
	0x00,0x00,0x00,0x00,0x00,0x00,0x00,0x00,0x00,0x00,0x00,0x00,0x00,0x00,0x00,0x00,
	0x00,0x00,0x00,0x00,0x00,0x00,0x00,0x00,0x00,0x00,0x00,0x00,0x00,0x00,0x00,0x00,
	0xce,0x67,0xaa,0xff,0xbe,0x74,0xa7,0xff,0x5b,0x43,0x51,0xff,0x0b,0x08,0x0a,0xff,
	0x06,0x06,0x02,0xff,0x54,0x50,0x31,0xff,0xdd,0xd3,0x87,0xff,0xf1,0xe6,0x93,0xff,
	0xee,0xe3,0x91,0xff,0xee,0xe3,0x91,0xff,0xee,0xe3,0x91,0xff,0xee,0xe3,0x91,0xff,
	0xee,0xe3,0x91,0xff,0xee,0xe3,0x91,0xff,0xee,0xe3,0x91,0xff,0xee,0xe3,0x91,0xff,
	0xee,0xe3,0x91,0xff,0xee,0xe3,0x91,0xff,0xee,0xe3,0x91,0xff,0xee,0xe3,0x91,0xff,
	0xee,0xe3,0x91,0xff,0xee,0xe3,0x91,0xff,0xee,0xe3,0x91,0xff,0xef,0xe4,0x92,0xff,
	0xea,0xdf,0x8f,0xff,0xb3,0xaa,0x6c,0xff,0x27,0x25,0x16,0xff,0x00,0x00,0x00,0xff,
	0x5c,0x34,0x3a,0xff,0xad,0x66,0x70,0xff,0xcc,0x78,0x84,0xff,0xc9,0x76,0x82,0xff,
	0xcc,0x78,0x84,0xff,0xb2,0x69,0x73,0xff,0x65,0x3a,0x40,0xff,0x00,0x00,0x00,0xff,
	0x0c,0x17,0x0c,0xff,0x53,0x8b,0x53,0xff,0x72,0xbd,0x72,0xff,0x76,0xc3,0x76,0xff,
	0x75,0xc2,0x75,0xff,0x75,0xc2,0x75,0xff,0x75,0xc2,0x75,0xff,0x75,0xc2,0x75,0xff,
	0x75,0xc2,0x75,0xff,0x75,0xc2,0x75,0xff,0x75,0xc2,0x75,0xff,0x75,0xc2,0x75,0xff,
	0x75,0xc2,0x75,0xff,0x75,0xc2,0x75,0xff,0x75,0xc2,0x75,0xff,0x75,0xc2,0x75,0xff,
	0x75,0xc2,0x75,0xff,0x75,0xc2,0x75,0xff,0x75,0xc2,0x75,0xff,0x76,0xc4,0x76,0xff,
	0x70,0xba,0x70,0xff,0x2c,0x4b,0x2c,0xff,0x02,0x06,0x02,0xff,0x08,0x06,0x07,0xff,
	0x56,0x3f,0x4d,0xff,0xba,0x71,0xa3,0xff,0xcd,0x67,0xa9,0xff,0xff,0x00,0xff,0xff,
	0xd9,0x6d,0xb3,0xff,0xfb,0x85,0xce,0xff,0xfb,0x85,0xce,0xff,0xf2,0x79,0xc8,0xff,
	0xd9,0x6d,0xb3,0xff,0xc1,0x76,0xa9,0xff,0x03,0x02,0x03,0xff,0x52,0x58,0x84,0xff,
	0x7d,0x85,0xc8,0xff,0x77,0x7f,0xbf,0xff,0x75,0x7d,0xbc,0xff,0x18,0x1a,0x28,0xff,
	0x9e,0x73,0x57,0xff,0xe3,0xa7,0x83,0xff,0xd9,0xa0,0x7d,0xff,0xd9,0xa0,0x7d,0xff,
	0xd9,0xa0,0x7d,0xff,0xe3,0xa7,0x83,0xff,0x99,0x71,0x56,0xff,0x2c,0x20,0x2b,0xff,
	0xca,0x94,0xc2,0xff,0xcc,0x95,0xc4,0xff,0xd6,0x9c,0xcd,0xff,0x8b,0x66,0x85,0xff,
	0x03,0x02,0x03,0xff,0xc3,0x77,0xab,0xff,0xd9,0x6d,0xb3,0xff,0xf2,0x79,0xc8,0xff,
	0xfb,0x85,0xce,0xff,0xfb,0x85,0xce,0xff,0xd9,0x6d,0xb3,0xff,0xff,0x00,0xff,0xff,
	0x00,0x00,0x00,0x00,0x00,0x00,0x00,0x00,0x00,0x00,0x00,0x00,0x00,0x00,0x00,0x00,
	0x00,0x00,0x00,0x00,0x00,0x00,0x00,0x00,0x00,0x00,0x00,0x00,0x00,0x00,0x00,0x00,
	0x00,0x00,0x00,0x00,0x00,0x00,0x00,0x00,0x00,0x00,0x00,0x00,0x00,0x00,0x00,0x00,
	0x00,0x00,0x00,0x00,0x00,0x00,0x00,0x00,0x00,0x00,0x00,0x00,0x00,0x00,0x00,0x00,
	0x00,0x00,0x00,0x00,0x00,0x00,0x00,0x00,0x00,0x00,0x00,0x00,0x00,0x00,0x00,0x00,
	0x00,0x00,0x00,0x00,0x00,0x00,0x00,0x00,0x00,0x00,0x00,0x00,0x00,0x00,0x00,0x00,
	0x00,0x00,0x00,0x00,0x00,0x00,0x00,0x00,0x00,0x00,0x00,0x00,0x00,0x00,0x00,0x00,
	0x00,0x00,0x00,0x00,0x00,0x00,0x00,0x00,0x00,0x00,0x00,0x00,0x00,0x00,0x00,0x00,
	0xc8,0x64,0xa5,0xff,0xab,0x68,0x96,0xff,0x3b,0x2b,0x34,0xff,0x02,0x02,0x02,0xff,
	0x1c,0x1a,0x0d,0xff,0x87,0x81,0x52,0xff,0xf5,0xea,0x96,0xff,0xee,0xe3,0x91,0xff,
	0xee,0xe3,0x91,0xff,0xee,0xe3,0x91,0xff,0xee,0xe3,0x91,0xff,0xee,0xe3,0x91,0xff,
	0xee,0xe3,0x91,0xff,0xee,0xe3,0x91,0xff,0xee,0xe3,0x91,0xff,0xee,0xe3,0x91,0xff,
	0xee,0xe3,0x91,0xff,0xee,0xe3,0x91,0xff,0xee,0xe3,0x91,0xff,0xee,0xe3,0x91,0xff,
	0xee,0xe3,0x91,0xff,0xee,0xe3,0x91,0xff,0xee,0xe3,0x91,0xff,0xee,0xe3,0x91,0xff,
	0xf1,0xe6,0x93,0xff,0xd0,0xc7,0x7f,0xff,0x5e,0x5a,0x38,0xff,0x00,0x00,0x00,0xff,
	0x32,0x1b,0x1f,0xff,0x9b,0x5a,0x63,0xff,0xcc,0x78,0x84,0xff,0xc9,0x76,0x82,0xff,
	0xcc,0x78,0x84,0xff,0x9f,0x5d,0x66,0xff,0x3b,0x21,0x25,0xff,0x00,0x00,0x00,0xff,
	0x26,0x42,0x26,0xff,0x64,0xa7,0x64,0xff,0x76,0xc5,0x76,0xff,0x75,0xc2,0x75,0xff,
	0x75,0xc2,0x75,0xff,0x75,0xc2,0x75,0xff,0x75,0xc2,0x75,0xff,0x75,0xc2,0x75,0xff,
	0x75,0xc2,0x75,0xff,0x75,0xc2,0x75,0xff,0x75,0xc2,0x75,0xff,0x75,0xc2,0x75,0xff,
	0x75,0xc2,0x75,0xff,0x75,0xc2,0x75,0xff,0x75,0xc2,0x75,0xff,0x75,0xc2,0x75,0xff,
	0x75,0xc2,0x75,0xff,0x75,0xc2,0x75,0xff,0x75,0xc2,0x75,0xff,0x75,0xc2,0x75,0xff,
	0x79,0xc9,0x79,0xff,0x48,0x78,0x48,0xff,0x0c,0x1a,0x0c,0xff,0x02,0x02,0x02,0xff,
	0x33,0x25,0x2d,0xff,0x9f,0x61,0x8b,0xff,0xc3,0x62,0xa1,0xff,0xff,0x00,0xff,0xff,
	0xd9,0x6d,0xb3,0xff,0xfb,0x85,0xce,0xff,0xfb,0x85,0xce,0xff,0xf2,0x79,0xc8,0xff,
	0xd9,0x6d,0xb3,0xff,0xfb,0x99,0xdc,0xff,0x4c,0x38,0x44,0xff,0x0c,0x0c,0x13,0xff,
	0x55,0x5b,0x88,0xff,0x78,0x80,0xc0,0xff,0x6c,0x74,0xb0,0xff,0x1e,0x19,0x1b,0xff,
	0xcb,0x95,0x73,0xff,0xdb,0xa2,0x7e,0xff,0xd9,0xa0,0x7d,0xff,0xd9,0xa0,0x7d,0xff,
	0xd9,0xa0,0x7d,0xff,0xdc,0xa2,0x7e,0xff,0xc8,0x94,0x72,0xff,0x24,0x1b,0x1c,0xff,
	0xbd,0x8a,0xb6,0xff,0xcd,0x96,0xc5,0xff,0x90,0x69,0x8a,0xff,0x13,0x0e,0x12,0xff,
	0x4e,0x3a,0x46,0xff,0xfb,0x99,0xdc,0xff,0xd9,0x6d,0xb3,0xff,0xf2,0x79,0xc8,0xff,
	0xfb,0x85,0xce,0xff,0xfb,0x85,0xce,0xff,0xd9,0x6d,0xb3,0xff,0xff,0x00,0xff,0xff,
	0x00,0x00,0x00,0x00,0x00,0x00,0x00,0x00,0x00,0x00,0x00,0x00,0x00,0x00,0x00,0x00,
	0x00,0x00,0x00,0x00,0x00,0x00,0x00,0x00,0x00,0x00,0x00,0x00,0x00,0x00,0x00,0x00,
	0x00,0x00,0x00,0x00,0x00,0x00,0x00,0x00,0x00,0x00,0x00,0x00,0x00,0x00,0x00,0x00,
	0x00,0x00,0x00,0x00,0x00,0x00,0x00,0x00,0x00,0x00,0x00,0x00,0x00,0x00,0x00,0x00,
	0x00,0x00,0x00,0x00,0x00,0x00,0x00,0x00,0x00,0x00,0x00,0x00,0x00,0x00,0x00,0x00,
	0x00,0x00,0x00,0x00,0x00,0x00,0x00,0x00,0x00,0x00,0x00,0x00,0x00,0x00,0x00,0x00,
	0x00,0x00,0x00,0x00,0x00,0x00,0x00,0x00,0x00,0x00,0x00,0x00,0x00,0x00,0x00,0x00,
	0x00,0x00,0x00,0x00,0x00,0x00,0x00,0x00,0x00,0x00,0x00,0x00,0x00,0x00,0x00,0x00,
	0xbf,0x60,0x9d,0xff,0x94,0x5a,0x82,0xff,0x25,0x1b,0x21,0xff,0x00,0x00,0x00,0xff,
	0x30,0x2e,0x1a,0xff,0xb7,0xaf,0x6f,0xff,0xf4,0xe9,0x95,0xff,0xee,0xe3,0x91,0xff,
	0xee,0xe3,0x91,0xff,0xee,0xe3,0x91,0xff,0xee,0xe3,0x91,0xff,0xee,0xe3,0x91,0xff,
	0xee,0xe3,0x91,0xff,0xee,0xe3,0x91,0xff,0xee,0xe3,0x91,0xff,0xee,0xe3,0x91,0xff,
	0xee,0xe3,0x91,0xff,0xee,0xe3,0x91,0xff,0xee,0xe3,0x91,0xff,0xee,0xe3,0x91,0xff,
	0xee,0xe3,0x91,0xff,0xee,0xe3,0x91,0xff,0xee,0xe3,0x91,0xff,0xee,0xe3,0x91,0xff,
	0xf1,0xe6,0x93,0xff,0xde,0xd4,0x87,0xff,0x8d,0x87,0x55,0xff,0x02,0x02,0x01,0xff,
	0x15,0x0a,0x0c,0xff,0x8c,0x52,0x5a,0xff,0xc7,0x75,0x81,0xff,0xca,0x76,0x83,0xff,
	0xc9,0x76,0x82,0xff,0x92,0x55,0x5d,0xff,0x1d,0x0f,0x11,0xff,0x00,0x00,0x00,0xff,
	0x3f,0x69,0x3f,0xff,0x6c,0xb2,0x6c,0xff,0x77,0xc5,0x77,0xff,0x75,0xc2,0x75,0xff,
	0x75,0xc2,0x75,0xff,0x75,0xc2,0x75,0xff,0x75,0xc2,0x75,0xff,0x75,0xc2,0x75,0xff,
	0x75,0xc2,0x75,0xff,0x75,0xc2,0x75,0xff,0x75,0xc2,0x75,0xff,0x75,0xc2,0x75,0xff,
	0x75,0xc2,0x75,0xff,0x75,0xc2,0x75,0xff,0x75,0xc2,0x75,0xff,0x75,0xc2,0x75,0xff,
	0x75,0xc2,0x75,0xff,0x75,0xc2,0x75,0xff,0x75,0xc2,0x75,0xff,0x75,0xc2,0x75,0xff,
	0x78,0xc6,0x78,0xff,0x60,0x9f,0x60,0xff,0x17,0x2b,0x17,0xff,0x00,0x00,0x00,0xff,
	0x1c,0x15,0x19,0xff,0x80,0x4e,0x71,0xff,0xb5,0x5b,0x95,0xff,0xff,0x00,0xff,0xff,
	0xd9,0x6d,0xb3,0xff,0xfb,0x85,0xce,0xff,0xfb,0x85,0xce,0xff,0xf2,0x79,0xc8,0xff,
	0xd9,0x6d,0xb3,0xff,0xfb,0x99,0xdc,0xff,0xf3,0xb3,0xd9,0xff,0x4a,0x37,0x42,0xff,
	0x02,0x03,0x03,0xff,0x19,0x1a,0x28,0xff,0x1d,0x1f,0x30,0xff,0x10,0x0c,0x0b,0xff,
	0xc4,0x91,0x71,0xff,0xdd,0xa3,0x7f,0xff,0xd9,0xa0,0x7d,0xff,0xd9,0xa0,0x7d,0xff,
	0xd9,0xa0,0x7d,0xff,0xdd,0xa3,0x7f,0xff,0xc2,0x8f,0x70,0xff,0x10,0x0c,0x0b,0xff,
	0x33,0x26,0x32,0xff,0x2a,0x1f,0x28,0xff,0x02,0x02,0x02,0xff,0x4e,0x3a,0x46,0xff,
	0xf5,0xb4,0xdb,0xff,0xfb,0x99,0xdc,0xff,0xd9,0x6d,0xb3,0xff,0xf2,0x79,0xc8,0xff,
	0xfb,0x85,0xce,0xff,0xfb,0x85,0xce,0xff,0xd9,0x6d,0xb3,0xff,0xff,0x00,0xff,0xff,
	0x00,0x00,0x00,0x00,0x00,0x00,0x00,0x00,0x00,0x00,0x00,0x00,0x00,0x00,0x00,0x00,
	0x00,0x00,0x00,0x00,0x00,0x00,0x00,0x00,0x00,0x00,0x00,0x00,0x00,0x00,0x00,0x00,
	0x00,0x00,0x00,0x00,0x00,0x00,0x00,0x00,0x00,0x00,0x00,0x00,0x00,0x00,0x00,0x00,
	0x00,0x00,0x00,0x00,0x00,0x00,0x00,0x00,0x00,0x00,0x00,0x00,0x00,0x00,0x00,0x00,
	0x00,0x00,0x00,0x00,0x00,0x00,0x00,0x00,0x00,0x00,0x00,0x00,0x00,0x00,0x00,0x00,
	0x00,0x00,0x00,0x00,0x00,0x00,0x00,0x00,0x00,0x00,0x00,0x00,0x00,0x00,0x00,0x00,
	0x00,0x00,0x00,0x00,0x00,0x00,0x00,0x00,0x00,0x00,0x00,0x00,0x00,0x00,0x00,0x00,
	0x00,0x00,0x00,0x00,0x00,0x00,0x00,0x00,0x00,0x00,0x00,0x00,0x00,0x00,0x00,0x00,
	0xb3,0x5a,0x94,0xff,0x7b,0x4b,0x6b,0xff,0x16,0x10,0x14,0xff,0x00,0x00,0x00,0xff,
	0x3d,0x3a,0x22,0xff,0xd3,0xca,0x81,0xff,0xf2,0xe6,0x93,0xff,0xee,0xe3,0x91,0xff,
	0xee,0xe3,0x91,0xff,0xee,0xe3,0x91,0xff,0xee,0xe3,0x91,0xff,0xee,0xe3,0x91,0xff,
	0xee,0xe3,0x91,0xff,0xee,0xe3,0x91,0xff,0xee,0xe3,0x91,0xff,0xee,0xe3,0x91,0xff,
	0xee,0xe3,0x91,0xff,0xee,0xe3,0x91,0xff,0xee,0xe3,0x91,0xff,0xee,0xe3,0x91,0xff,
	0xee,0xe3,0x91,0xff,0xee,0xe3,0x91,0xff,0xee,0xe3,0x91,0xff,0xee,0xe3,0x91,0xff,
	0xef,0xe4,0x92,0xff,0xe7,0xdc,0x8d,0xff,0xa8,0x9f,0x65,0xff,0x09,0x09,0x05,0xff,
	0x07,0x04,0x04,0xff,0x81,0x4b,0x53,0xff,0xc1,0x71,0x7d,0xff,0xcc,0x77,0x84,0xff,
	0xc5,0x73,0x7f,0xff,0x88,0x4e,0x57,0xff,0x0d,0x06,0x06,0xff,0x02,0x02,0x02,0xff,
	0x4c,0x80,0x4c,0xff,0x70,0xba,0x70,0xff,0x76,0xc4,0x76,0xff,0x75,0xc2,0x75,0xff,
	0x75,0xc2,0x75,0xff,0x75,0xc2,0x75,0xff,0x75,0xc2,0x75,0xff,0x75,0xc2,0x75,0xff,
	0x75,0xc2,0x75,0xff,0x75,0xc2,0x75,0xff,0x75,0xc2,0x75,0xff,0x75,0xc2,0x75,0xff,
	0x75,0xc2,0x75,0xff,0x75,0xc2,0x75,0xff,0x75,0xc2,0x75,0xff,0x75,0xc2,0x75,0xff,
	0x75,0xc2,0x75,0xff,0x75,0xc2,0x75,0xff,0x75,0xc2,0x75,0xff,0x75,0xc2,0x75,0xff,
	0x76,0xc4,0x76,0xff,0x6c,0xb4,0x6c,0xff,0x1f,0x36,0x1f,0xff,0x00,0x01,0x00,0xff,
	0x0e,0x0a,0x0d,0xff,0x65,0x3d,0x58,0xff,0xa8,0x54,0x8a,0xff,0xff,0x00,0xff,0xff,
	0xd9,0x6d,0xb3,0xff,0xfb,0x85,0xce,0xff,0xfb,0x85,0xce,0xff,0xf2,0x79,0xc8,0xff,
	0xd9,0x6d,0xb3,0xff,0xfb,0x99,0xdc,0xff,0xfb,0xb9,0xe0,0xff,0xfb,0xb9,0xe0,0xff,
	0xbc,0x8b,0xa8,0xff,0x71,0x53,0x65,0xff,0x56,0x3f,0x4d,0xff,0x07,0x05,0x07,0xff,
	0x76,0x57,0x44,0xff,0xe6,0xaa,0x85,0xff,0xdb,0xa2,0x7e,0xff,0xd9,0xa0,0x7d,0xff,
	0xdb,0xa2,0x7e,0xff,0xe6,0xaa,0x84,0xff,0x73,0x55,0x42,0xff,0x07,0x05,0x07,0xff,
	0x57,0x40,0x4e,0xff,0x71,0x53,0x65,0xff,0xbd,0x8c,0xa9,0xff,0xfb,0xb9,0xe0,0xff,
	0xfb,0xb9,0xe0,0xff,0xfb,0x99,0xdc,0xff,0xd9,0x6d,0xb3,0xff,0xf2,0x79,0xc8,0xff,
	0xfb,0x85,0xce,0xff,0xfb,0x85,0xce,0xff,0xd9,0x6d,0xb3,0xff,0xff,0x00,0xff,0xff,
	0x00,0x00,0x00,0x00,0x00,0x00,0x00,0x00,0x00,0x00,0x00,0x00,0x00,0x00,0x00,0x00,
	0x00,0x00,0x00,0x00,0x00,0x00,0x00,0x00,0x00,0x00,0x00,0x00,0x00,0x00,0x00,0x00,
	0x00,0x00,0x00,0x00,0x00,0x00,0x00,0x00,0x00,0x00,0x00,0x00,0x00,0x00,0x00,0x00,
	0x00,0x00,0x00,0x00,0x00,0x00,0x00,0x00,0x00,0x00,0x00,0x00,0x00,0x00,0x00,0x00,
	0x00,0x00,0x00,0x00,0x00,0x00,0x00,0x00,0x00,0x00,0x00,0x00,0x00,0x00,0x00,0x00,
	0x00,0x00,0x00,0x00,0x00,0x00,0x00,0x00,0x00,0x00,0x00,0x00,0x00,0x00,0x00,0x00,
	0x00,0x00,0x00,0x00,0x00,0x00,0x00,0x00,0x00,0x00,0x00,0x00,0x00,0x00,0x00,0x00,
	0x00,0x00,0x00,0x00,0x00,0x00,0x00,0x00,0x00,0x00,0x00,0x00,0x00,0x00,0x00,0x00,
	0xa8,0x54,0x8a,0xff,0x65,0x3d,0x58,0xff,0x0e,0x0a,0x0d,0xff,0x01,0x01,0x00,0xff,
	0x43,0x3f,0x27,0xff,0xde,0xd4,0x87,0xff,0xf1,0xe6,0x93,0xff,0xee,0xe3,0x91,0xff,
	0xee,0xe3,0x91,0xff,0xee,0xe3,0x91,0xff,0xee,0xe3,0x91,0xff,0xee,0xe3,0x91,0xff,
	0xef,0xe4,0x91,0xff,0xf0,0xe5,0x92,0xff,0xf1,0xe5,0x93,0xff,0xf1,0xe6,0x93,0xff,
	0xf1,0xe6,0x93,0xff,0xf0,0xe5,0x92,0xff,0xef,0xe4,0x92,0xff,0xee,0xe3,0x91,0xff,
	0xee,0xe3,0x91,0xff,0xee,0xe3,0x91,0xff,0xee,0xe3,0x91,0xff,0xee,0xe3,0x91,0xff,
	0xef,0xe4,0x92,0xff,0xea,0xdf,0x8f,0xff,0xb0,0xa8,0x6b,0xff,0x10,0x0f,0x08,0xff,
	0x03,0x02,0x02,0xff,0x7c,0x47,0x4f,0xff,0xbf,0x70,0x7b,0xff,0xcd,0x78,0x84,0xff,
	0xc2,0x72,0x7d,0xff,0x83,0x4c,0x54,0xff,0x07,0x03,0x04,0xff,0x04,0x06,0x04,0xff,
	0x51,0x89,0x51,0xff,0x72,0xbc,0x72,0xff,0x76,0xc3,0x76,0xff,0x75,0xc2,0x75,0xff,
	0x75,0xc2,0x75,0xff,0x75,0xc2,0x75,0xff,0x75,0xc2,0x75,0xff,0x75,0xc2,0x75,0xff,
	0x76,0xc3,0x76,0xff,0x76,0xc4,0x76,0xff,0x76,0xc4,0x76,0xff,0x76,0xc4,0x76,0xff,
	0x76,0xc4,0x76,0xff,0x76,0xc4,0x76,0xff,0x75,0xc3,0x75,0xff,0x75,0xc2,0x75,0xff,
	0x75,0xc2,0x75,0xff,0x75,0xc2,0x75,0xff,0x75,0xc2,0x75,0xff,0x75,0xc2,0x75,0xff,
	0x76,0xc3,0x76,0xff,0x71,0xbb,0x71,0xff,0x22,0x3c,0x22,0xff,0x01,0x02,0x01,0xff,
	0x0a,0x07,0x09,0xff,0x58,0x36,0x4d,0xff,0xa1,0x51,0x85,0xff,0xff,0x00,0xff,0xff,
	0xd9,0x6d,0xb3,0xff,0xfb,0x85,0xce,0xff,0xfb,0x85,0xce,0xff,0xf2,0x79,0xc8,0xff,
	0xd9,0x6d,0xb3,0xff,0xfb,0x99,0xdc,0xff,0xfb,0xb9,0xe0,0xff,0xfb,0xb9,0xe0,0xff,
	0xfb,0xb9,0xe0,0xff,0xfb,0xb9,0xe0,0xff,0xfb,0xb9,0xe0,0xff,0x77,0x57,0x6a,0xff,
	0x07,0x05,0x04,0xff,0x7f,0x5e,0x49,0xff,0xd2,0x9b,0x79,0xff,0xdd,0xa3,0x7f,0xff,
	0xd1,0x9a,0x79,0xff,0x7e,0x5d,0x48,0xff,0x06,0x04,0x03,0xff,0x7a,0x59,0x6c,0xff,
	0xfb,0xb9,0xe0,0xff,0xfb,0xb9,0xe0,0xff,0xfb,0xb9,0xe0,0xff,0xfb,0xb9,0xe0,0xff,
	0xfb,0xb9,0xe0,0xff,0xfb,0x99,0xdc,0xff,0xd9,0x6d,0xb3,0xff,0xf2,0x79,0xc8,0xff,
	0xfb,0x85,0xce,0xff,0xfb,0x85,0xce,0xff,0xd9,0x6d,0xb3,0xff,0xff,0x00,0xff,0xff,
	0x00,0x00,0x00,0x00,0x00,0x00,0x00,0x00,0x00,0x00,0x00,0x00,0x00,0x00,0x00,0x00,
	0x00,0x00,0x00,0x00,0x00,0x00,0x00,0x00,0x00,0x00,0x00,0x00,0x00,0x00,0x00,0x00,
	0x00,0x00,0x00,0x00,0x00,0x00,0x00,0x00,0x00,0x00,0x00,0x00,0x00,0x00,0x00,0x00,
	0x00,0x00,0x00,0x00,0x00,0x00,0x00,0x00,0x00,0x00,0x00,0x00,0x00,0x00,0x00,0x00,
	0x00,0x00,0x00,0x00,0x00,0x00,0x00,0x00,0x00,0x00,0x00,0x00,0x00,0x00,0x00,0x00,
	0x00,0x00,0x00,0x00,0x00,0x00,0x00,0x00,0x00,0x00,0x00,0x00,0x00,0x00,0x00,0x00,
	0x00,0x00,0x00,0x00,0x00,0x00,0x00,0x00,0x00,0x00,0x00,0x00,0x00,0x00,0x00,0x00,
	0x00,0x00,0x00,0x00,0x00,0x00,0x00,0x00,0x00,0x00,0x00,0x00,0x00,0x00,0x00,0x00,
	0xa6,0x53,0x89,0xff,0x63,0x3c,0x57,0xff,0x0e,0x0a,0x0d,0xff,0x01,0x01,0x00,0xff,
	0x41,0x3e,0x26,0xff,0xdb,0xd1,0x86,0xff,0xf1,0xe6,0x93,0xff,0xee,0xe3,0x91,0xff,
	0xee,0xe3,0x91,0xff,0xef,0xe4,0x91,0xff,0xf1,0xe6,0x93,0xff,0xf1,0xe6,0x93,0xff,
	0xec,0xe1,0x90,0xff,0xe4,0xda,0x8b,0xff,0xdf,0xd4,0x88,0xff,0xdc,0xd2,0x86,0xff,
	0xdd,0xd2,0x87,0xff,0xe1,0xd6,0x89,0xff,0xe8,0xdd,0x8d,0xff,0xee,0xe3,0x91,0xff,
	0xf1,0xe6,0x93,0xff,0xf0,0xe5,0x92,0xff,0xee,0xe3,0x91,0xff,0xee,0xe3,0x91,0xff,
	0xef,0xe4,0x91,0xff,0xe9,0xde,0x8e,0xff,0xae,0xa6,0x69,0xff,0x0e,0x0e,0x07,0xff,
	0x04,0x02,0x02,0xff,0x7c,0x47,0x4f,0xff,0xbe,0x6f,0x7b,0xff,0xcc,0x78,0x84,0xff,
	0xc1,0x71,0x7d,0xff,0x83,0x4b,0x53,0xff,0x08,0x04,0x05,0xff,0x03,0x06,0x03,0xff,
	0x50,0x87,0x50,0xff,0x71,0xbc,0x71,0xff,0x76,0xc3,0x76,0xff,0x75,0xc2,0x75,0xff,
	0x75,0xc2,0x75,0xff,0x76,0xc3,0x76,0xff,0x77,0xc5,0x77,0xff,0x75,0xc3,0x75,0xff,
	0x72,0xbd,0x72,0xff,0x6f,0xb8,0x6f,0xff,0x6d,0xb4,0x6d,0xff,0x6c,0xb3,0x6c,0xff,
	0x6d,0xb5,0x6d,0xff,0x70,0xba,0x70,0xff,0x74,0xc0,0x74,0xff,0x76,0xc4,0x76,0xff,
	0x76,0xc4,0x76,0xff,0x75,0xc3,0x75,0xff,0x75,0xc2,0x75,0xff,0x75,0xc2,0x75,0xff,
	0x76,0xc3,0x76,0xff,0x70,0xb9,0x70,0xff,0x22,0x3a,0x22,0xff,0x01,0x02,0x01,0xff,
	0x0d,0x0a,0x0c,0xff,0x62,0x3c,0x56,0xff,0xa5,0x53,0x88,0xff,0xff,0x00,0xff,0xff,
	0xd9,0x6d,0xb3,0xff,0xfb,0x85,0xce,0xff,0xfb,0x85,0xce,0xff,0xf2,0x79,0xc8,0xff,
	0xc7,0x68,0xa9,0xff,0xfb,0x99,0xdc,0xff,0xfb,0xb9,0xe0,0xff,0xfb,0xb9,0xe0,0xff,
	0xfb,0xb9,0xe0,0xff,0xfb,0xb9,0xe0,0xff,0xfb,0xb9,0xe0,0xff,0xfb,0xb9,0xe0,0xff,
	0x6f,0x51,0x63,0xff,0x07,0x05,0x07,0xff,0x1f,0x17,0x12,0xff,0x36,0x28,0x1f,0xff,
	0x1f,0x17,0x12,0xff,0x08,0x06,0x07,0xff,0x73,0x54,0x66,0xff,0xfb,0xb9,0xe0,0xff,
	0xfb,0xb9,0xe0,0xff,0xfb,0xb9,0xe0,0xff,0xfb,0xb9,0xe0,0xff,0xfb,0xb9,0xe0,0xff,
	0xfb,0xb9,0xe0,0xff,0xfb,0x99,0xdc,0xff,0xc7,0x68,0xa9,0xff,0xf2,0x79,0xc8,0xff,
	0xfb,0x85,0xce,0xff,0xfb,0x85,0xce,0xff,0xd9,0x6d,0xb3,0xff,0xff,0x00,0xff,0xff,
	0x00,0x00,0x00,0x00,0x00,0x00,0x00,0x00,0x00,0x00,0x00,0x00,0x00,0x00,0x00,0x00,
	0x00,0x00,0x00,0x00,0x00,0x00,0x00,0x00,0x00,0x00,0x00,0x00,0x00,0x00,0x00,0x00,
	0x00,0x00,0x00,0x00,0x00,0x00,0x00,0x00,0x00,0x00,0x00,0x00,0x00,0x00,0x00,0x00,
	0x00,0x00,0x00,0x00,0x00,0x00,0x00,0x00,0x00,0x00,0x00,0x00,0x00,0x00,0x00,0x00,
	0x00,0x00,0x00,0x00,0x00,0x00,0x00,0x00,0x00,0x00,0x00,0x00,0x00,0x00,0x00,0x00,
	0x00,0x00,0x00,0x00,0x00,0x00,0x00,0x00,0x00,0x00,0x00,0x00,0x00,0x00,0x00,0x00,
	0x00,0x00,0x00,0x00,0x00,0x00,0x00,0x00,0x00,0x00,0x00,0x00,0x00,0x00,0x00,0x00,
	0x00,0x00,0x00,0x00,0x00,0x00,0x00,0x00,0x00,0x00,0x00,0x00,0x00,0x00,0x00,0x00,
	0xb1,0x58,0x92,0xff,0x78,0x49,0x69,0xff,0x18,0x12,0x15,0xff,0x00,0x00,0x00,0xff,
	0x39,0x36,0x1f,0xff,0xcb,0xc2,0x7b,0xff,0xf3,0xe8,0x94,0xff,0xee,0xe3,0x91,0xff,
	0xf1,0xe5,0x93,0xff,0xed,0xe3,0x90,0xff,0xdc,0xd2,0x86,0xff,0xca,0xc1,0x7b,0xff,
	0xb8,0xaf,0x6f,0xff,0xa1,0x9a,0x61,0xff,0x8f,0x87,0x55,0xff,0x86,0x7f,0x50,0xff,
	0x89,0x82,0x52,0xff,0x96,0x90,0x5a,0xff,0xab,0xa4,0x67,0xff,0xc1,0xb8,0x75,0xff,
	0xd3,0xc9,0x80,0xff,0xe5,0xda,0x8b,0xff,0xf0,0xe5,0x92,0xff,0xf0,0xe5,0x92,0xff,
	0xf0,0xe5,0x92,0xff,0xe4,0xd9,0x8b,0xff,0xa0,0x98,0x60,0xff,0x05,0x05,0x02,0xff,
	0x03,0x02,0x02,0xff,0x61,0x37,0x3d,0xff,0x96,0x58,0x61,0xff,0xa2,0x5e,0x68,0xff,
	0x99,0x59,0x62,0xff,0x66,0x3a,0x40,0xff,0x06,0x03,0x03,0xff,0x01,0x02,0x01,0xff,
	0x48,0x79,0x48,0xff,0x6e,0xb7,0x6e,0xff,0x76,0xc4,0x76,0xff,0x76,0xc3,0x76,0xff,
	0x76,0xc4,0x76,0xff,0x71,0xbb,0x71,0xff,0x68,0xad,0x68,0xff,0x5e,0x9e,0x5e,0xff,
	0x54,0x8c,0x54,0xff,0x49,0x7b,0x49,0xff,0x42,0x6f,0x42,0xff,0x40,0x6c,0x40,0xff,
	0x44,0x73,0x44,0xff,0x4d,0x82,0x4d,0xff,0x58,0x94,0x58,0xff,0x62,0xa4,0x62,0xff,
	0x6b,0xb3,0x6b,0xff,0x74,0xc1,0x74,0xff,0x76,0xc4,0x76,0xff,0x75,0xc2,0x75,0xff,
	0x77,0xc5,0x77,0xff,0x68,0xad,0x68,0xff,0x1c,0x32,0x1c,0xff,0x00,0x00,0x00,0xff,
	0x16,0x10,0x14,0xff,0x7a,0x4a,0x6a,0xff,0xb2,0x59,0x93,0xff,0xff,0x00,0xff,0xff,
	0xc7,0x68,0xa9,0xff,0xfb,0x85,0xce,0xff,0xfb,0x85,0xce,0xff,0xf2,0x79,0xc8,0xff,
	0xb2,0x60,0x98,0xff,0xfb,0x99,0xdc,0xff,0xfb,0x99,0xdc,0xff,0xfb,0x99,0xdc,0xff,
	0xfb,0x99,0xdc,0xff,0xfb,0x99,0xdc,0xff,0xfb,0x99,0xdc,0xff,0xfb,0x99,0xdc,0xff,
	0xfb,0x99,0xdc,0xff,0xd3,0x81,0xb9,0xff,0x83,0x50,0x73,0xff,0x65,0x3d,0x58,0xff,
	0x85,0x51,0x75,0xff,0xd6,0x82,0xbc,0xff,0xfb,0x99,0xdc,0xff,0xfb,0x99,0xdc,0xff,
	0xfb,0x99,0xdc,0xff,0xfb,0x99,0xdc,0xff,0xfb,0x99,0xdc,0xff,0xfb,0x99,0xdc,0xff,
	0xfb,0x99,0xdc,0xff,0xfb,0x99,0xdc,0xff,0xb2,0x60,0x98,0xff,0xf2,0x79,0xc8,0xff,
	0xfb,0x85,0xce,0xff,0xfb,0x85,0xce,0xff,0xc7,0x68,0xa9,0xff,0xff,0x00,0xff,0xff,
	0x00,0x00,0x00,0x00,0x00,0x00,0x00,0x00,0x00,0x00,0x00,0x00,0x00,0x00,0x00,0x00,
	0x00,0x00,0x00,0x00,0x00,0x00,0x00,0x00,0x00,0x00,0x00,0x00,0x00,0x00,0x00,0x00,
	0x00,0x00,0x00,0x00,0x00,0x00,0x00,0x00,0x00,0x00,0x00,0x00,0x00,0x00,0x00,0x00,
	0x00,0x00,0x00,0x00,0x00,0x00,0x00,0x00,0x00,0x00,0x00,0x00,0x00,0x00,0x00,0x00,
	0x00,0x00,0x00,0x00,0x00,0x00,0x00,0x00,0x00,0x00,0x00,0x00,0x00,0x00,0x00,0x00,
	0x00,0x00,0x00,0x00,0x00,0x00,0x00,0x00,0x00,0x00,0x00,0x00,0x00,0x00,0x00,0x00,
	0x00,0x00,0x00,0x00,0x00,0x00,0x00,0x00,0x00,0x00,0x00,0x00,0x00,0x00,0x00,0x00,
	0x00,0x00,0x00,0x00,0x00,0x00,0x00,0x00,0x00,0x00,0x00,0x00,0x00,0x00,0x00,0x00,
	0xbf,0x60,0x9d,0xff,0x97,0x5c,0x84,0xff,0x2b,0x1f,0x26,0xff,0x01,0x01,0x01,0xff,
	0x2a,0x27,0x15,0xff,0xa8,0x9f,0x65,0xff,0xf7,0xeb,0x96,0xff,0xf0,0xe5,0x92,0xff,
	0xdc,0xd1,0x86,0xff,0xbb,0xb3,0x72,0xff,0x8a,0x83,0x52,0xff,0x49,0x46,0x2c,0xff,
	0x1b,0x19,0x0f,0xff,0x04,0x04,0x02,0xff,0x00,0x00,0x00,0xff,0x00,0x00,0x00,0xff,
	0x00,0x00,0x00,0xff,0x01,0x01,0x01,0xff,0x0f,0x0f,0x07,0xff,0x32,0x30,0x1d,0xff,
	0x69,0x65,0x3f,0xff,0xa3,0x9b,0x62,0xff,0xcc,0xc2,0x7c,0xff,0xe6,0xdb,0x8c,0xff,
	0xf4,0xe8,0x94,0xff,0xda,0xd0,0x84,0xff,0x7f,0x78,0x4c,0xff,0x00,0x00,0x00,0xff,
	0x00,0x00,0x00,0xff,0x08,0x04,0x04,0xff,0x16,0x0b,0x0d,0xff,0x1c,0x0f,0x11,0xff,
	0x17,0x0c,0x0d,0xff,0x09,0x04,0x05,0xff,0x00,0x00,0x00,0xff,0x00,0x00,0x00,0xff,
	0x37,0x5d,0x37,0xff,0x69,0xae,0x69,0xff,0x78,0xc7,0x78,0xff,0x72,0xbd,0x72,0xff,
	0x65,0xa8,0x65,0xff,0x51,0x87,0x51,0xff,0x34,0x58,0x34,0xff,0x18,0x2b,0x18,0xff,
	0x06,0x0d,0x06,0xff,0x01,0x01,0x01,0xff,0x00,0x00,0x00,0xff,0x00,0x00,0x00,0xff,
	0x00,0x00,0x00,0xff,0x02,0x03,0x02,0xff,0x0a,0x13,0x0a,0xff,0x20,0x38,0x20,0xff,
	0x40,0x6c,0x40,0xff,0x5a,0x96,0x5a,0xff,0x6b,0xb1,0x6b,0xff,0x76,0xc3,0x76,0xff,
	0x79,0xc9,0x79,0xff,0x58,0x92,0x58,0xff,0x13,0x25,0x13,0xff,0x00,0x00,0x00,0xff,
	0x29,0x1e,0x24,0xff,0x97,0x5c,0x84,0xff,0xc0,0x60,0x9e,0xff,0xff,0x00,0xff,0xff,
	0xb2,0x60,0x98,0xff,0xfb,0x85,0xce,0xff,0xfb,0x85,0xce,0xff,0xf2,0x79,0xc8,0xff,
	0x9b,0x5a,0x86,0xff,0xb2,0x60,0x98,0xff,0xc7,0x68,0xa9,0xff,0xd9,0x6d,0xb3,0xff,
	0xd9,0x6d,0xb3,0xff,0xd9,0x6d,0xb3,0xff,0xd9,0x6d,0xb3,0xff,0xd9,0x6d,0xb3,0xff,
	0xd9,0x6d,0xb3,0xff,0xd9,0x6d,0xb3,0xff,0xd9,0x6d,0xb3,0xff,0xd9,0x6d,0xb3,0xff,
	0xd9,0x6d,0xb3,0xff,0xd9,0x6d,0xb3,0xff,0xd9,0x6d,0xb3,0xff,0xd9,0x6d,0xb3,0xff,
	0xd9,0x6d,0xb3,0xff,0xd9,0x6d,0xb3,0xff,0xd9,0x6d,0xb3,0xff,0xd9,0x6d,0xb3,0xff,
	0xc7,0x68,0xa9,0xff,0xb2,0x60,0x98,0xff,0x9b,0x5a,0x86,0xff,0xf2,0x79,0xc8,0xff,
	0xfb,0x85,0xce,0xff,0xfb,0x85,0xce,0xff,0xb2,0x60,0x98,0xff,0xff,0x00,0xff,0xff,
	0x00,0x00,0x00,0x00,0x00,0x00,0x00,0x00,0x00,0x00,0x00,0x00,0x00,0x00,0x00,0x00,
	0x00,0x00,0x00,0x00,0x00,0x00,0x00,0x00,0x00,0x00,0x00,0x00,0x00,0x00,0x00,0x00,
	0x00,0x00,0x00,0x00,0x00,0x00,0x00,0x00,0x00,0x00,0x00,0x00,0x00,0x00,0x00,0x00,
	0x00,0x00,0x00,0x00,0x00,0x00,0x00,0x00,0x00,0x00,0x00,0x00,0x00,0x00,0x00,0x00,
	0x00,0x00,0x00,0x00,0x00,0x00,0x00,0x00,0x00,0x00,0x00,0x00,0x00,0x00,0x00,0x00,
	0x00,0x00,0x00,0x00,0x00,0x00,0x00,0x00,0x00,0x00,0x00,0x00,0x00,0x00,0x00,0x00,
	0x00,0x00,0x00,0x00,0x00,0x00,0x00,0x00,0x00,0x00,0x00,0x00,0x00,0x00,0x00,0x00,
	0x00,0x00,0x00,0x00,0x00,0x00,0x00,0x00,0x00,0x00,0x00,0x00,0x00,0x00,0x00,0x00,
	0xcb,0x66,0xa7,0xff,0xb4,0x6d,0x9d,0xff,0x4a,0x37,0x42,0xff,0x05,0x04,0x05,0xff,
	0x15,0x14,0x09,0xff,0x73,0x6e,0x45,0xff,0xec,0xe1,0x8f,0xff,0xc8,0xbe,0x79,0xff,
	0x89,0x83,0x53,0xff,0x2e,0x2b,0x1b,0xff,0x00,0x00,0x00,0xff,0x00,0x00,0x00,0xff,
	0x01,0x01,0x02,0xff,0x08,0x0a,0x10,0xff,0x12,0x14,0x20,0xff,0x17,0x19,0x28,0xff,
	0x16,0x18,0x26,0xff,0x0e,0x0f,0x1a,0xff,0x04,0x05,0x08,0xff,0x00,0x00,0x00,0xff,
	0x00,0x00,0x00,0xff,0x19,0x18,0x0d,0xff,0x60,0x5c,0x39,0xff,0xa9,0xa1,0x66,0xff,
	0xdb,0xd1,0x85,0xff,0xc7,0xbd,0x78,0xff,0x4a,0x47,0x2b,0xff,0x00,0x00,0x00,0xff,
	0x00,0x00,0x00,0xff,0x00,0x00,0x00,0xff,0x00,0x00,0x00,0xff,0x00,0x00,0x00,0xff,
	0x00,0x00,0x00,0xff,0x00,0x00,0x00,0xff,0x00,0x00,0x00,0xff,0x00,0x00,0x00,0xff,
	0x1d,0x32,0x1d,0xff,0x5f,0x9e,0x5f,0xff,0x6c,0xb3,0x6c,0xff,0x55,0x8e,0x55,0xff,
	0x30,0x53,0x30,0xff,0x0b,0x17,0x0b,0xff,0x00,0x00,0x00,0xff,0x00,0x00,0x00,0xff,
	0x08,0x05,0x08,0xff,0x1b,0x13,0x19,0xff,0x28,0x1c,0x26,0xff,0x2b,0x1f,0x29,0xff,
	0x24,0x19,0x22,0xff,0x13,0x0d,0x13,0xff,0x02,0x02,0x02,0xff,0x00,0x00,0x00,0xff,
	0x00,0x00,0x00,0xff,0x12,0x20,0x12,0xff,0x3f,0x6b,0x3f,0xff,0x60,0x9f,0x60,0xff,
	0x74,0xc1,0x74,0xff,0x3d,0x66,0x3d,0xff,0x07,0x13,0x07,0xff,0x04,0x03,0x04,0xff,
	0x47,0x34,0x40,0xff,0xb4,0x6d,0x9d,0xff,0xcb,0x66,0xa7,0xff,0xff,0x00,0xff,0xff,
	0x9b,0x5a,0x86,0xff,0xfb,0x85,0xce,0xff,0xfb,0x85,0xce,0xff,0xf2,0x79,0xc8,0xff,
	0xf2,0x79,0xc8,0xff,0xf2,0x79,0xc8,0xff,0xf2,0x79,0xc8,0xff,0xf2,0x79,0xc8,0xff,
	0xf2,0x79,0xc8,0xff,0xf2,0x79,0xc8,0xff,0xf2,0x79,0xc8,0xff,0xf2,0x79,0xc8,0xff,
	0xf2,0x79,0xc8,0xff,0xf2,0x79,0xc8,0xff,0xf2,0x79,0xc8,0xff,0xf2,0x79,0xc8,0xff,
	0xf2,0x79,0xc8,0xff,0xf2,0x79,0xc8,0xff,0xf2,0x79,0xc8,0xff,0xf2,0x79,0xc8,0xff,
	0xf2,0x79,0xc8,0xff,0xf2,0x79,0xc8,0xff,0xf2,0x79,0xc8,0xff,0xf2,0x79,0xc8,0xff,
	0xf2,0x79,0xc8,0xff,0xf2,0x79,0xc8,0xff,0xf2,0x79,0xc8,0xff,0xf2,0x79,0xc8,0xff,
	0xfb,0x85,0xce,0xff,0xfb,0x85,0xce,0xff,0x9b,0x5a,0x86,0xff,0xff,0x00,0xff,0xff,
	0x00,0x00,0x00,0x00,0x00,0x00,0x00,0x00,0x00,0x00,0x00,0x00,0x00,0x00,0x00,0x00,
	0x00,0x00,0x00,0x00,0x00,0x00,0x00,0x00,0x00,0x00,0x00,0x00,0x00,0x00,0x00,0x00,
	0x00,0x00,0x00,0x00,0x00,0x00,0x00,0x00,0x00,0x00,0x00,0x00,0x00,0x00,0x00,0x00,
	0x00,0x00,0x00,0x00,0x00,0x00,0x00,0x00,0x00,0x00,0x00,0x00,0x00,0x00,0x00,0x00,
	0x00,0x00,0x00,0x00,0x00,0x00,0x00,0x00,0x00,0x00,0x00,0x00,0x00,0x00,0x00,0x00,
	0x00,0x00,0x00,0x00,0x00,0x00,0x00,0x00,0x00,0x00,0x00,0x00,0x00,0x00,0x00,0x00,
	0x00,0x00,0x00,0x00,0x00,0x00,0x00,0x00,0x00,0x00,0x00,0x00,0x00,0x00,0x00,0x00,
	0x00,0x00,0x00,0x00,0x00,0x00,0x00,0x00,0x00,0x00,0x00,0x00,0x00,0x00,0x00,0x00,
	0xd2,0x69,0xad,0xff,0xcc,0x7c,0xb3,0xff,0x75,0x56,0x68,0xff,0x15,0x0f,0x13,0xff,
	0x02,0x02,0x01,0xff,0x3c,0x39,0x22,0xff,0xa8,0x9f,0x65,0xff,0x58,0x54,0x34,0xff,
	0x02,0x02,0x00,0xff,0x00,0x00,0x00,0xff,0x08,0x0a,0x12,0xff,0x25,0x28,0x3e,0xff,
	0x40,0x45,0x6a,0xff,0x4f,0x55,0x81,0xff,0x56,0x5c,0x8b,0xff,0x58,0x5e,0x8e,0xff,
	0x58,0x5d,0x8d,0xff,0x53,0x59,0x87,0xff,0x49,0x4e,0x77,0xff,0x36,0x3a,0x59,0xff,
	0x19,0x1a,0x2a,0xff,0x02,0x02,0x02,0xff,0x00,0x00,0x00,0xff,0x37,0x35,0x1f,0xff,
	0x83,0x7d,0x4e,0xff,0x8c,0x85,0x53,0xff,0x14,0x12,0x0a,0xff,0x00,0x00,0x00,0xff,
	0x00,0x00,0x00,0xff,0x00,0x00,0x00,0xff,0x00,0x00,0x00,0xff,0x00,0x00,0x00,0xff,
	0x00,0x00,0x00,0xff,0x00,0x00,0x00,0xff,0x00,0x00,0x00,0xff,0x00,0x00,0x00,0xff,
	0x04,0x09,0x04,0xff,0x40,0x6e,0x40,0xff,0x40,0x6c,0x40,0xff,0x1b,0x31,0x1b,0xff,
	0x00,0x01,0x00,0xff,0x02,0x01,0x02,0xff,0x2a,0x1d,0x28,0xff,0x5c,0x42,0x58,0xff,
	0x7e,0x5b,0x79,0xff,0x8f,0x68,0x8a,0xff,0x97,0x6e,0x91,0xff,0x98,0x6f,0x92,0xff,
	0x95,0x6c,0x8f,0xff,0x8a,0x65,0x85,0xff,0x73,0x53,0x6e,0xff,0x47,0x33,0x44,0xff,
	0x17,0x0f,0x16,0xff,0x01,0x00,0x01,0xff,0x00,0x00,0x00,0xff,0x25,0x40,0x25,0xff,
	0x52,0x89,0x52,0xff,0x1d,0x34,0x1d,0xff,0x01,0x02,0x01,0xff,0x13,0x0e,0x11,0xff,
	0x73,0x54,0x66,0xff,0xcc,0x7c,0xb3,0xff,0xd2,0x69,0xad,0xff,0xff,0x00,0xff,0xff,
	0x9b,0x5a,0x86,0xff,0xfb,0x85,0xce,0xff,0xfb,0x85,0xce,0xff,0xfb,0x85,0xce,0xff,
	0xfb,0x85,0xce,0xff,0xfb,0x85,0xce,0xff,0xfb,0x85,0xce,0xff,0xfb,0x85,0xce,0xff,
	0xfb,0x85,0xce,0xff,0xfb,0x85,0xce,0xff,0xfb,0x85,0xce,0xff,0xfb,0x85,0xce,0xff,
	0xfb,0x85,0xce,0xff,0xfb,0x85,0xce,0xff,0xfb,0x85,0xce,0xff,0xfb,0x85,0xce,0xff,
	0xfb,0x85,0xce,0xff,0xfb,0x85,0xce,0xff,0xfb,0x85,0xce,0xff,0xfb,0x85,0xce,0xff,
	0xfb,0x85,0xce,0xff,0xfb,0x85,0xce,0xff,0xfb,0x85,0xce,0xff,0xfb,0x85,0xce,0xff,
	0xfb,0x85,0xce,0xff,0xfb,0x85,0xce,0xff,0xfb,0x85,0xce,0xff,0xfb,0x85,0xce,0xff,
	0xfb,0x85,0xce,0xff,0xfb,0x85,0xce,0xff,0x9b,0x5a,0x86,0xff,0xff,0x00,0xff,0xff,
	0x00,0x00,0x00,0x00,0x00,0x00,0x00,0x00,0x00,0x00,0x00,0x00,0x00,0x00,0x00,0x00,
	0x00,0x00,0x00,0x00,0x00,0x00,0x00,0x00,0x00,0x00,0x00,0x00,0x00,0x00,0x00,0x00,
	0x00,0x00,0x00,0x00,0x00,0x00,0x00,0x00,0x00,0x00,0x00,0x00,0x00,0x00,0x00,0x00,
	0x00,0x00,0x00,0x00,0x00,0x00,0x00,0x00,0x00,0x00,0x00,0x00,0x00,0x00,0x00,0x00,
	0x00,0x00,0x00,0x00,0x00,0x00,0x00,0x00,0x00,0x00,0x00,0x00,0x00,0x00,0x00,0x00,
	0x00,0x00,0x00,0x00,0x00,0x00,0x00,0x00,0x00,0x00,0x00,0x00,0x00,0x00,0x00,0x00,
	0x00,0x00,0x00,0x00,0x00,0x00,0x00,0x00,0x00,0x00,0x00,0x00,0x00,0x00,0x00,0x00,
	0x00,0x00,0x00,0x00,0x00,0x00,0x00,0x00,0x00,0x00,0x00,0x00,0x00,0x00,0x00,0x00,
	0xd6,0x6b,0xb0,0xff,0xe1,0x89,0xc5,0xff,0xa0,0x76,0x8f,0xff,0x39,0x2a,0x32,0xff,
	0x04,0x03,0x04,0xff,0x03,0x02,0x01,0xff,0x1a,0x18,0x0d,0xff,0x00,0x00,0x00,0xff,
	0x02,0x03,0x07,0xff,0x21,0x24,0x37,0xff,0x4a,0x4f,0x77,0xff,0x5f,0x65,0x99,0xff,
	0x6c,0x73,0xad,0xff,0x74,0x7c,0xba,0xff,0x77,0x7f,0xbf,0xff,0x78,0x80,0xc0,0xff,
	0x78,0x80,0xc0,0xff,0x76,0x7e,0xbd,0xff,0x71,0x79,0xb5,0xff,0x66,0x6d,0xa5,0xff,
	0x56,0x5c,0x8b,0xff,0x3b,0x3f,0x60,0xff,0x10,0x11,0x1d,0xff,0x00,0x00,0x00,0xff,
	0x0d,0x0c,0x06,0xff,0x13,0x12,0x0a,0xff,0x00,0x00,0x00,0xff,0x00,0x00,0x00,0xff,
	0x00,0x00,0x00,0xff,0x00,0x00,0x00,0xff,0x00,0x00,0x00,0xff,0x00,0x00,0x00,0xff,
	0x00,0x00,0x00,0xff,0x00,0x00,0x00,0xff,0x00,0x00,0x00,0xff,0x00,0x00,0x00,0xff,
	0x00,0x00,0x00,0xff,0x06,0x0e,0x06,0xff,0x04,0x0a,0x04,0xff,0x00,0x00,0x00,0xff,
	0x1a,0x12,0x19,0xff,0x63,0x47,0x5f,0xff,0x92,0x6a,0x8c,0xff,0xae,0x80,0xa7,0xff,
	0xc1,0x8d,0xb9,0xff,0xca,0x94,0xc2,0xff,0xcd,0x96,0xc5,0xff,0xcd,0x97,0xc5,0xff,
	0xcc,0x95,0xc4,0xff,0xc7,0x92,0xc0,0xff,0xba,0x89,0xb3,0xff,0xa5,0x78,0x9e,0xff,
	0x84,0x5f,0x7f,0xff,0x41,0x2e,0x3e,0xff,0x0b,0x06,0x0a,0xff,0x00,0x00,0x00,0xff,
	0x0a,0x14,0x0a,0xff,0x01,0x02,0x01,0xff,0x04,0x03,0x04,0xff,0x36,0x27,0x30,0xff,
	0xa0,0x76,0x8f,0xff,0xe0,0x88,0xc4,0xff,0xd6,0x6b,0xb0,0xff,0xff,0x00,0xff,0xff,
	0x9b,0x5a,0x86,0xff,0xfb,0x85,0xce,0xff,0xfb,0x85,0xce,0xff,0xfb,0x85,0xce,0xff,
	0xfb,0x85,0xce,0xff,0xfb,0x85,0xce,0xff,0xfb,0x85,0xce,0xff,0xfb,0x85,0xce,0xff,
	0xfb,0x85,0xce,0xff,0xfb,0x85,0xce,0xff,0xfb,0x85,0xce,0xff,0xfb,0x85,0xce,0xff,
	0xfb,0x85,0xce,0xff,0xfb,0x85,0xce,0xff,0xfb,0x85,0xce,0xff,0xfb,0x85,0xce,0xff,
	0xfb,0x85,0xce,0xff,0xfb,0x85,0xce,0xff,0xfb,0x85,0xce,0xff,0xfb,0x85,0xce,0xff,
	0xfb,0x85,0xce,0xff,0xfb,0x85,0xce,0xff,0xfb,0x85,0xce,0xff,0xfb,0x85,0xce,0xff,
	0xfb,0x85,0xce,0xff,0xfb,0x85,0xce,0xff,0xfb,0x85,0xce,0xff,0xfb,0x85,0xce,0xff,
	0xfb,0x85,0xce,0xff,0xfb,0x85,0xce,0xff,0x9b,0x5a,0x86,0xff,0xff,0x00,0xff,0xff,
	0x00,0x00,0x00,0x00,0x00,0x00,0x00,0x00,0x00,0x00,0x00,0x00,0x00,0x00,0x00,0x00,
	0x00,0x00,0x00,0x00,0x00,0x00,0x00,0x00,0x00,0x00,0x00,0x00,0x00,0x00,0x00,0x00,
	0x00,0x00,0x00,0x00,0x00,0x00,0x00,0x00,0x00,0x00,0x00,0x00,0x00,0x00,0x00,0x00,
	0x00,0x00,0x00,0x00,0x00,0x00,0x00,0x00,0x00,0x00,0x00,0x00,0x00,0x00,0x00,0x00,
	0x00,0x00,0x00,0x00,0x00,0x00,0x00,0x00,0x00,0x00,0x00,0x00,0x00,0x00,0x00,0x00,
	0x00,0x00,0x00,0x00,0x00,0x00,0x00,0x00,0x00,0x00,0x00,0x00,0x00,0x00,0x00,0x00,
	0x00,0x00,0x00,0x00,0x00,0x00,0x00,0x00,0x00,0x00,0x00,0x00,0x00,0x00,0x00,0x00,
	0x00,0x00,0x00,0x00,0x00,0x00,0x00,0x00,0x00,0x00,0x00,0x00,0x00,0x00,0x00,0x00,
	0xd8,0x6c,0xb2,0xff,0xec,0x90,0xcf,0xff,0xbc,0x8b,0xa8,0xff,0x60,0x47,0x56,0xff,
	0x10,0x0c,0x0e,0xff,0x00,0x00,0x00,0xff,0x00,0x00,0x00,0xff,0x06,0x07,0x10,0xff,
	0x2e,0x32,0x4d,0xff,0x5b,0x62,0x93,0xff,0x70,0x78,0xb4,0xff,0x78,0x80,0xc1,0xff,
	0x78,0x80,0xc0,0xff,0x76,0x7e,0xbe,0xff,0x76,0x7e,0xbd,0xff,0x76,0x7e,0xbd,0xff,
	0x76,0x7e,0xbd,0xff,0x76,0x7e,0xbd,0xff,0x77,0x7f,0xbf,0xff,0x78,0x80,0xc0,0xff,
	0x76,0x7d,0xbc,0xff,0x68,0x6f,0xa7,0xff,0x4b,0x50,0x7a,0xff,0x1d,0x1f,0x31,0xff,
	0x00,0x00,0x00,0xff,0x00,0x00,0x00,0xff,0x00,0x00,0x00,0xff,0x00,0x00,0x00,0xff,
	0x00,0x00,0x00,0xff,0x00,0x00,0x00,0xff,0x00,0x00,0x00,0xff,0x00,0x00,0x00,0xff,
	0x00,0x00,0x00,0xff,0x00,0x00,0x00,0xff,0x00,0x00,0x00,0xff,0x00,0x00,0x00,0xff,
	0x00,0x00,0x00,0xff,0x00,0x00,0x00,0xff,0x00,0x00,0x00,0xff,0x2e,0x21,0x2c,0xff,
	0x7e,0x5b,0x78,0xff,0xb0,0x80,0xa9,0xff,0xc9,0x93,0xc0,0xff,0xcd,0x97,0xc5,0xff,
	0xcc,0x96,0xc4,0xff,0xcb,0x94,0xc2,0xff,0xca,0x94,0xc2,0xff,0xca,0x94,0xc2,0xff,
	0xca,0x94,0xc2,0xff,0xcb,0x94,0xc3,0xff,0xcd,0x96,0xc4,0xff,0xce,0x97,0xc6,0xff,
	0xc3,0x8e,0xbb,0xff,0xa1,0x75,0x9b,0xff,0x59,0x40,0x56,0xff,0x15,0x0d,0x14,0xff,
	0x00,0x00,0x00,0xff,0x00,0x00,0x00,0xff,0x0f,0x0b,0x0e,0xff,0x5e,0x45,0x54,0xff,
	0xbc,0x8b,0xa8,0xff,0xec,0x90,0xcf,0xff,0xd8,0x6c,0xb2,0xff,0xff,0x00,0xff,0xff,
	0x9b,0x5a,0x86,0xff,0x9b,0x5a,0x86,0xff,0x9b,0x5a,0x86,0xff,0x9b,0x5a,0x86,0xff,
	0xb2,0x60,0x98,0xff,0xc7,0x68,0xa9,0xff,0xd9,0x6d,0xb3,0xff,0xd9,0x6d,0xb3,0xff,
	0xd9,0x6d,0xb3,0xff,0xd9,0x6d,0xb3,0xff,0xd9,0x6d,0xb3,0xff,0xd9,0x6d,0xb3,0xff,
	0xd9,0x6d,0xb3,0xff,0xd9,0x6d,0xb3,0xff,0xd9,0x6d,0xb3,0xff,0xd9,0x6d,0xb3,0xff,
	0xd9,0x6d,0xb3,0xff,0xd9,0x6d,0xb3,0xff,0xd9,0x6d,0xb3,0xff,0xd9,0x6d,0xb3,0xff,
	0xd9,0x6d,0xb3,0xff,0xd9,0x6d,0xb3,0xff,0xd9,0x6d,0xb3,0xff,0xd9,0x6d,0xb3,0xff,
	0xd9,0x6d,0xb3,0xff,0xc7,0x68,0xa9,0xff,0xb2,0x60,0x98,0xff,0x9b,0x5a,0x86,0xff,
	0x9b,0x5a,0x86,0xff,0x9b,0x5a,0x86,0xff,0x9b,0x5a,0x86,0xff,0xff,0x00,0xff,0xff,
	0x00,0x00,0x00,0x00,0x00,0x00,0x00,0x00,0x00,0x00,0x00,0x00,0x00,0x00,0x00,0x00,
	0x00,0x00,0x00,0x00,0x00,0x00,0x00,0x00,0x00,0x00,0x00,0x00,0x00,0x00,0x00,0x00,
	0x00,0x00,0x00,0x00,0x00,0x00,0x00,0x00,0x00,0x00,0x00,0x00,0x00,0x00,0x00,0x00,
	0x00,0x00,0x00,0x00,0x00,0x00,0x00,0x00,0x00,0x00,0x00,0x00,0x00,0x00,0x00,0x00,
	0x00,0x00,0x00,0x00,0x00,0x00,0x00,0x00,0x00,0x00,0x00,0x00,0x00,0x00,0x00,0x00,
	0x00,0x00,0x00,0x00,0x00,0x00,0x00,0x00,0x00,0x00,0x00,0x00,0x00,0x00,0x00,0x00,
	0x00,0x00,0x00,0x00,0x00,0x00,0x00,0x00,0x00,0x00,0x00,0x00,0x00,0x00,0x00,0x00,
	0x00,0x00,0x00,0x00,0x00,0x00,0x00,0x00,0x00,0x00,0x00,0x00,0x00,0x00,0x00,0x00,
	0xd8,0x6c,0xb2,0xff,0xed,0x90,0xcf,0xff,0xbc,0x8a,0xa7,0xff,0x63,0x49,0x58,0xff,
	0x12,0x0d,0x10,0xff,0x00,0x00,0x00,0xff,0x05,0x06,0x0d,0xff,0x2f,0x32,0x4e,0xff,
	0x63,0x69,0x9f,0xff,0x77,0x7f,0xbf,0xff,0x77,0x7f,0xbf,0xff,0x76,0x7e,0xbd,0xff,
	0x76,0x7e,0xbd,0xff,0x76,0x7e,0xbd,0xff,0x76,0x7e,0xbd,0xff,0x76,0x7e,0xbd,0xff,
	0x76,0x7e,0xbd,0xff,0x76,0x7e,0xbd,0xff,0x76,0x7e,0xbd,0xff,0x76,0x7e,0xbd,0xff,
	0x76,0x7e,0xbe,0xff,0x77,0x7f,0xbf,0xff,0x6f,0x77,0xb3,0xff,0x50,0x55,0x81,0xff,
	0x1c,0x1e,0x30,0xff,0x00,0x00,0x00,0xff,0x00,0x00,0x00,0xff,0x00,0x00,0x00,0xff,
	0x00,0x00,0x00,0xff,0x00,0x00,0x00,0xff,0x00,0x00,0x00,0xff,0x00,0x00,0x00,0xff,
	0x00,0x00,0x00,0xff,0x00,0x00,0x00,0xff,0x00,0x00,0x00,0xff,0x00,0x00,0x00,0xff,
	0x00,0x00,0x00,0xff,0x00,0x00,0x00,0xff,0x2c,0x1e,0x29,0xff,0x85,0x61,0x80,0xff,
	0xbd,0x8a,0xb5,0xff,0xcc,0x96,0xc4,0xff,0xcb,0x95,0xc3,0xff,0xca,0x94,0xc2,0xff,
	0xca,0x94,0xc2,0xff,0xca,0x94,0xc2,0xff,0xca,0x94,0xc2,0xff,0xca,0x94,0xc2,0xff,
	0xca,0x94,0xc2,0xff,0xca,0x94,0xc2,0xff,0xca,0x94,0xc2,0xff,0xca,0x94,0xc2,0xff,
	0xcc,0x95,0xc4,0xff,0xcc,0x96,0xc4,0xff,0xad,0x7f,0xa6,0xff,0x5a,0x41,0x57,0xff,
	0x13,0x0b,0x12,0xff,0x00,0x00,0x00,0xff,0x11,0x0d,0x0f,0xff,0x61,0x47,0x56,0xff,
	0xbc,0x8a,0xa7,0xff,0xec,0x90,0xcf,0xff,0xd8,0x6c,0xb2,0xff,0xff,0x00,0xff,0xff,
	0xff,0x00,0xff,0xff,0xff,0x00,0xff,0xff,0xff,0x00,0xff,0xff,0xff,0x00,0xff,0xff,
	0xff,0x00,0xff,0xff,0xff,0x00,0xff,0xff,0xff,0x00,0xff,0xff,0xff,0x00,0xff,0xff,
	0xff,0x00,0xff,0xff,0xff,0x00,0xff,0xff,0xff,0x00,0xff,0xff,0xff,0x00,0xff,0xff,
	0xff,0x00,0xff,0xff,0xff,0x00,0xff,0xff,0xff,0x00,0xff,0xff,0xff,0x00,0xff,0xff,
	0xff,0x00,0xff,0xff,0xff,0x00,0xff,0xff,0xff,0x00,0xff,0xff,0xff,0x00,0xff,0xff,
	0xff,0x00,0xff,0xff,0xff,0x00,0xff,0xff,0xff,0x00,0xff,0xff,0xff,0x00,0xff,0xff,
	0xff,0x00,0xff,0xff,0xff,0x00,0xff,0xff,0xff,0x00,0xff,0xff,0xff,0x00,0xff,0xff,
	0xff,0x00,0xff,0xff,0xff,0x00,0xff,0xff,0xff,0x00,0xff,0xff,0xff,0x00,0xff,0xff,
	0x00,0x00,0x00,0x00,0x00,0x00,0x00,0x00,0x00,0x00,0x00,0x00,0x00,0x00,0x00,0x00,
	0x00,0x00,0x00,0x00,0x00,0x00,0x00,0x00,0x00,0x00,0x00,0x00,0x00,0x00,0x00,0x00,
	0x00,0x00,0x00,0x00,0x00,0x00,0x00,0x00,0x00,0x00,0x00,0x00,0x00,0x00,0x00,0x00,
	0x00,0x00,0x00,0x00,0x00,0x00,0x00,0x00,0x00,0x00,0x00,0x00,0x00,0x00,0x00,0x00,
	0x00,0x00,0x00,0x00,0x00,0x00,0x00,0x00,0x00,0x00,0x00,0x00,0x00,0x00,0x00,0x00,
	0x00,0x00,0x00,0x00,0x00,0x00,0x00,0x00,0x00,0x00,0x00,0x00,0x00,0x00,0x00,0x00,
	0x00,0x00,0x00,0x00,0x00,0x00,0x00,0x00,0x00,0x00,0x00,0x00,0x00,0x00,0x00,0x00,
	0x00,0x00,0x00,0x00,0x00,0x00,0x00,0x00,0x00,0x00,0x00,0x00,0x00,0x00,0x00,0x00,
	0xd6,0x6b,0xb0,0xff,0xe1,0x89,0xc5,0xff,0xa2,0x77,0x90,0xff,0x41,0x30,0x3a,0xff,
	0x06,0x05,0x06,0xff,0x02,0x02,0x04,0xff,0x22,0x25,0x3a,0xff,0x60,0x67,0x9b,0xff,
	0x78,0x80,0xc1,0xff,0x76,0x7e,0xbe,0xff,0x76,0x7e,0xbd,0xff,0x76,0x7e,0xbd,0xff,
	0x76,0x7e,0xbd,0xff,0x76,0x7e,0xbd,0xff,0x76,0x7e,0xbd,0xff,0x76,0x7e,0xbd,0xff,
	0x76,0x7e,0xbd,0xff,0x76,0x7e,0xbd,0xff,0x76,0x7e,0xbd,0xff,0x76,0x7e,0xbd,0xff,
	0x76,0x7e,0xbd,0xff,0x76,0x7e,0xbd,0xff,0x77,0x7f,0xbf,0xff,0x6f,0x77,0xb3,0xff,
	0x4b,0x51,0x7a,0xff,0x0d,0x0f,0x18,0xff,0x00,0x00,0x00,0xff,0x00,0x00,0x00,0xff,
	0x00,0x00,0x00,0xff,0x00,0x00,0x00,0xff,0x00,0x00,0x00,0xff,0x00,0x00,0x00,0xff,
	0x00,0x00,0x00,0xff,0x00,0x00,0x00,0xff,0x00,0x00,0x00,0xff,0x00,0x00,0x00,0xff,
	0x00,0x00,0x00,0xff,0x14,0x0d,0x13,0xff,0x7d,0x5b,0x78,0xff,0xbd,0x8a,0xb5,0xff,
	0xcc,0x96,0xc4,0xff,0xca,0x94,0xc2,0xff,0xca,0x94,0xc2,0xff,0xca,0x94,0xc2,0xff,
	0xca,0x94,0xc2,0xff,0xca,0x94,0xc2,0xff,0xca,0x94,0xc2,0xff,0xca,0x94,0xc2,0xff,
	0xca,0x94,0xc2,0xff,0xca,0x94,0xc2,0xff,0xca,0x94,0xc2,0xff,0xca,0x94,0xc2,0xff,
	0xca,0x94,0xc2,0xff,0xca,0x94,0xc2,0xff,0xce,0x97,0xc6,0xff,0xab,0x7c,0xa4,0xff,
	0x45,0x31,0x42,0xff,0x06,0x03,0x06,0xff,0x06,0x05,0x06,0xff,0x3e,0x2e,0x38,0xff,
	0xa0,0x76,0x8f,0xff,0xe0,0x88,0xc4,0xff,0xd5,0x6b,0xb0,0xff,0xff,0x00,0xff,0xff,
	0x00,0x00,0x00,0x00,0x00,0x00,0x00,0x00,0x00,0x00,0x00,0x00,0x00,0x00,0x00,0x00,
	0x00,0x00,0x00,0x00,0x00,0x00,0x00,0x00,0x00,0x00,0x00,0x00,0x00,0x00,0x00,0x00,
	0x00,0x00,0x00,0x00,0x00,0x00,0x00,0x00,0x00,0x00,0x00,0x00,0x00,0x00,0x00,0x00,
	0x00,0x00,0x00,0x00,0x00,0x00,0x00,0x00,0x00,0x00,0x00,0x00,0x00,0x00,0x00,0x00,
	0x00,0x00,0x00,0x00,0x00,0x00,0x00,0x00,0x00,0x00,0x00,0x00,0x00,0x00,0x00,0x00,
	0x00,0x00,0x00,0x00,0x00,0x00,0x00,0x00,0x00,0x00,0x00,0x00,0x00,0x00,0x00,0x00,
	0x00,0x00,0x00,0x00,0x00,0x00,0x00,0x00,0x00,0x00,0x00,0x00,0x00,0x00,0x00,0x00,
	0x00,0x00,0x00,0x00,0x00,0x00,0x00,0x00,0x00,0x00,0x00,0x00,0x00,0x00,0x00,0x00,
	0x00,0x00,0x00,0x00,0x00,0x00,0x00,0x00,0x00,0x00,0x00,0x00,0x00,0x00,0x00,0x00,
	0x00,0x00,0x00,0x00,0x00,0x00,0x00,0x00,0x00,0x00,0x00,0x00,0x00,0x00,0x00,0x00,
	0x00,0x00,0x00,0x00,0x00,0x00,0x00,0x00,0x00,0x00,0x00,0x00,0x00,0x00,0x00,0x00,
	0x00,0x00,0x00,0x00,0x00,0x00,0x00,0x00,0x00,0x00,0x00,0x00,0x00,0x00,0x00,0x00,
	0x00,0x00,0x00,0x00,0x00,0x00,0x00,0x00,0x00,0x00,0x00,0x00,0x00,0x00,0x00,0x00,
	0x00,0x00,0x00,0x00,0x00,0x00,0x00,0x00,0x00,0x00,0x00,0x00,0x00,0x00,0x00,0x00,
	0x00,0x00,0x00,0x00,0x00,0x00,0x00,0x00,0x00,0x00,0x00,0x00,0x00,0x00,0x00,0x00,
	0x00,0x00,0x00,0x00,0x00,0x00,0x00,0x00,0x00,0x00,0x00,0x00,0x00,0x00,0x00,0x00,
	0xd3,0x6a,0xae,0xff,0xce,0x7e,0xb5,0xff,0x7c,0x5b,0x6e,0xff,0x1d,0x15,0x1a,0xff,
	0x00,0x00,0x00,0xff,0x0f,0x12,0x1f,0xff,0x4d,0x53,0x7d,0xff,0x77,0x80,0xbf,0xff,
	0x76,0x7e,0xbe,0xff,0x76,0x7e,0xbd,0xff,0x76,0x7e,0xbd,0xff,0x76,0x7e,0xbd,0xff,
	0x76,0x7e,0xbd,0xff,0x76,0x7e,0xbd,0xff,0x76,0x7e,0xbd,0xff,0x76,0x7e,0xbd,0xff,
	0x76,0x7e,0xbd,0xff,0x76,0x7e,0xbd,0xff,0x76,0x7e,0xbd,0xff,0x76,0x7e,0xbd,0xff,
	0x76,0x7e,0xbd,0xff,0x76,0x7e,0xbd,0xff,0x76,0x7e,0xbd,0xff,0x77,0x7f,0xbf,0xff,
	0x69,0x70,0xa8,0xff,0x38,0x3c,0x5c,0xff,0x00,0x00,0x01,0xff,0x00,0x00,0x00,0xff,
	0x00,0x00,0x00,0xff,0x00,0x00,0x00,0xff,0x00,0x00,0x00,0xff,0x00,0x00,0x00,0xff,
	0x00,0x00,0x00,0xff,0x00,0x00,0x00,0xff,0x00,0x00,0x00,0xff,0x00,0x00,0x00,0xff,
	0x00,0x00,0x00,0xff,0x5a,0x41,0x56,0xff,0xb0,0x81,0xa9,0xff,0xcb,0x95,0xc3,0xff,
	0xca,0x94,0xc3,0xff,0xca,0x94,0xc2,0xff,0xca,0x94,0xc2,0xff,0xca,0x94,0xc2,0xff,
	0xca,0x94,0xc2,0xff,0xca,0x94,0xc2,0xff,0xca,0x94,0xc2,0xff,0xca,0x94,0xc2,0xff,
	0xca,0x94,0xc2,0xff,0xca,0x94,0xc2,0xff,0xca,0x94,0xc2,0xff,0xca,0x94,0xc2,0xff,
	0xca,0x94,0xc2,0xff,0xca,0x94,0xc2,0xff,0xcb,0x94,0xc3,0xff,0xce,0x96,0xc5,0xff,
	0x8d,0x67,0x87,0xff,0x28,0x1b,0x26,0xff,0x00,0x00,0x00,0xff,0x1b,0x14,0x18,0xff,
	0x78,0x58,0x6b,0xff,0xcc,0x7c,0xb3,0xff,0xd2,0x69,0xad,0xff,0xff,0x00,0xff,0xff,
	0x00,0x00,0x00,0x00,0x00,0x00,0x00,0x00,0x00,0x00,0x00,0x00,0x00,0x00,0x00,0x00,
	0x00,0x00,0x00,0x00,0x00,0x00,0x00,0x00,0x00,0x00,0x00,0x00,0x00,0x00,0x00,0x00,
	0x00,0x00,0x00,0x00,0x00,0x00,0x00,0x00,0x00,0x00,0x00,0x00,0x00,0x00,0x00,0x00,
	0x00,0x00,0x00,0x00,0x00,0x00,0x00,0x00,0x00,0x00,0x00,0x00,0x00,0x00,0x00,0x00,
	0x00,0x00,0x00,0x00,0x00,0x00,0x00,0x00,0x00,0x00,0x00,0x00,0x00,0x00,0x00,0x00,
	0x00,0x00,0x00,0x00,0x00,0x00,0x00,0x00,0x00,0x00,0x00,0x00,0x00,0x00,0x00,0x00,
	0x00,0x00,0x00,0x00,0x00,0x00,0x00,0x00,0x00,0x00,0x00,0x00,0x00,0x00,0x00,0x00,
	0x00,0x00,0x00,0x00,0x00,0x00,0x00,0x00,0x00,0x00,0x00,0x00,0x00,0x00,0x00,0x00,
	0x00,0x00,0x00,0x00,0x00,0x00,0x00,0x00,0x00,0x00,0x00,0x00,0x00,0x00,0x00,0x00,
	0x00,0x00,0x00,0x00,0x00,0x00,0x00,0x00,0x00,0x00,0x00,0x00,0x00,0x00,0x00,0x00,
	0x00,0x00,0x00,0x00,0x00,0x00,0x00,0x00,0x00,0x00,0x00,0x00,0x00,0x00,0x00,0x00,
	0x00,0x00,0x00,0x00,0x00,0x00,0x00,0x00,0x00,0x00,0x00,0x00,0x00,0x00,0x00,0x00,
	0x00,0x00,0x00,0x00,0x00,0x00,0x00,0x00,0x00,0x00,0x00,0x00,0x00,0x00,0x00,0x00,
	0x00,0x00,0x00,0x00,0x00,0x00,0x00,0x00,0x00,0x00,0x00,0x00,0x00,0x00,0x00,0x00,
	0x00,0x00,0x00,0x00,0x00,0x00,0x00,0x00,0x00,0x00,0x00,0x00,0x00,0x00,0x00,0x00,
	0x00,0x00,0x00,0x00,0x00,0x00,0x00,0x00,0x00,0x00,0x00,0x00,0x00,0x00,0x00,0x00,
	0xcd,0x67,0xa9,0xff,0xbb,0x72,0xa3,0xff,0x54,0x3e,0x4b,0xff,0x09,0x07,0x08,0xff,
	0x02,0x02,0x04,0xff,0x27,0x2b,0x42,0xff,0x6d,0x75,0xb0,0xff,0x78,0x80,0xbf,0xff,
	0x76,0x7e,0xbd,0xff,0x76,0x7e,0xbd,0xff,0x76,0x7e,0xbd,0xff,0x76,0x7e,0xbd,0xff,
	0x76,0x7e,0xbd,0xff,0x76,0x7e,0xbd,0xff,0x76,0x7e,0xbd,0xff,0x76,0x7e,0xbd,0xff,
	0x76,0x7e,0xbd,0xff,0x76,0x7e,0xbd,0xff,0x76,0x7e,0xbd,0xff,0x76,0x7e,0xbd,0xff,
	0x76,0x7e,0xbd,0xff,0x76,0x7e,0xbd,0xff,0x76,0x7e,0xbd,0xff,0x77,0x7f,0xbf,0xff,
	0x76,0x7d,0xbc,0xff,0x5a,0x5f,0x90,0xff,0x11,0x12,0x1e,0xff,0x00,0x00,0x00,0xff,
	0x00,0x00,0x00,0xff,0x00,0x00,0x00,0xff,0x00,0x00,0x00,0xff,0x00,0x00,0x00,0xff,
	0x00,0x00,0x00,0xff,0x00,0x00,0x00,0xff,0x00,0x00,0x00,0xff,0x00,0x00,0x00,0xff,
	0x19,0x10,0x17,0xff,0x95,0x6c,0x8f,0xff,0xc7,0x92,0xc0,0xff,0xcc,0x95,0xc4,0xff,
	0xca,0x94,0xc2,0xff,0xca,0x94,0xc2,0xff,0xca,0x94,0xc2,0xff,0xca,0x94,0xc2,0xff,
	0xca,0x94,0xc2,0xff,0xca,0x94,0xc2,0xff,0xca,0x94,0xc2,0xff,0xca,0x94,0xc2,0xff,
	0xca,0x94,0xc2,0xff,0xca,0x94,0xc2,0xff,0xca,0x94,0xc2,0xff,0xca,0x94,0xc2,0xff,
	0xca,0x94,0xc2,0xff,0xca,0x94,0xc2,0xff,0xca,0x94,0xc2,0xff,0xcc,0x96,0xc4,0xff,
	0xc0,0x8d,0xb9,0xff,0x4f,0x39,0x4b,0xff,0x08,0x04,0x07,0xff,0x07,0x05,0x07,0xff,
	0x4f,0x3a,0x47,0xff,0xb4,0x6d,0x9d,0xff,0xcb,0x66,0xa7,0xff,0xff,0x00,0xff,0xff,
	0x00,0x00,0x00,0x00,0x00,0x00,0x00,0x00,0x00,0x00,0x00,0x00,0x00,0x00,0x00,0x00,
	0x00,0x00,0x00,0x00,0x00,0x00,0x00,0x00,0x00,0x00,0x00,0x00,0x00,0x00,0x00,0x00,
	0x00,0x00,0x00,0x00,0x00,0x00,0x00,0x00,0x00,0x00,0x00,0x00,0x00,0x00,0x00,0x00,
	0x00,0x00,0x00,0x00,0x00,0x00,0x00,0x00,0x00,0x00,0x00,0x00,0x00,0x00,0x00,0x00,
	0x00,0x00,0x00,0x00,0x00,0x00,0x00,0x00,0x00,0x00,0x00,0x00,0x00,0x00,0x00,0x00,
	0x00,0x00,0x00,0x00,0x00,0x00,0x00,0x00,0x00,0x00,0x00,0x00,0x00,0x00,0x00,0x00,
	0x00,0x00,0x00,0x00,0x00,0x00,0x00,0x00,0x00,0x00,0x00,0x00,0x00,0x00,0x00,0x00,
	0x00,0x00,0x00,0x00,0x00,0x00,0x00,0x00,0x00,0x00,0x00,0x00,0x00,0x00,0x00,0x00,
	0x00,0x00,0x00,0x00,0x00,0x00,0x00,0x00,0x00,0x00,0x00,0x00,0x00,0x00,0x00,0x00,
	0x00,0x00,0x00,0x00,0x00,0x00,0x00,0x00,0x00,0x00,0x00,0x00,0x00,0x00,0x00,0x00,
	0x00,0x00,0x00,0x00,0x00,0x00,0x00,0x00,0x00,0x00,0x00,0x00,0x00,0x00,0x00,0x00,
	0x00,0x00,0x00,0x00,0x00,0x00,0x00,0x00,0x00,0x00,0x00,0x00,0x00,0x00,0x00,0x00,
	0x00,0x00,0x00,0x00,0x00,0x00,0x00,0x00,0x00,0x00,0x00,0x00,0x00,0x00,0x00,0x00,
	0x00,0x00,0x00,0x00,0x00,0x00,0x00,0x00,0x00,0x00,0x00,0x00,0x00,0x00,0x00,0x00,
	0x00,0x00,0x00,0x00,0x00,0x00,0x00,0x00,0x00,0x00,0x00,0x00,0x00,0x00,0x00,0x00,
	0x00,0x00,0x00,0x00,0x00,0x00,0x00,0x00,0x00,0x00,0x00,0x00,0x00,0x00,0x00,0x00,
	0xc7,0x64,0xa4,0xff,0xa6,0x65,0x91,0xff,0x37,0x28,0x31,0xff,0x02,0x02,0x02,0xff,
	0x0a,0x0b,0x16,0xff,0x43,0x48,0x6d,0xff,0x79,0x81,0xc2,0xff,0x76,0x7e,0xbd,0xff,
	0x76,0x7e,0xbd,0xff,0x76,0x7e,0xbd,0xff,0x76,0x7e,0xbd,0xff,0x76,0x7e,0xbd,0xff,
	0x76,0x7e,0xbd,0xff,0x76,0x7e,0xbd,0xff,0x76,0x7e,0xbd,0xff,0x76,0x7e,0xbd,0xff,
	0x76,0x7e,0xbd,0xff,0x76,0x7e,0xbd,0xff,0x76,0x7e,0xbd,0xff,0x76,0x7e,0xbd,0xff,
	0x76,0x7e,0xbd,0xff,0x76,0x7e,0xbd,0xff,0x77,0x7f,0xbe,0xff,0x76,0x7f,0xbe,0xff,
	0x6b,0x73,0xad,0xff,0x4c,0x51,0x7b,0xff,0x10,0x12,0x1d,0xff,0x00,0x00,0x00,0xff,
	0x00,0x00,0x00,0xff,0x00,0x00,0x00,0xff,0x00,0x00,0x00,0xff,0x00,0x00,0x00,0xff,
	0x00,0x00,0x00,0xff,0x00,0x00,0x00,0xff,0x00,0x00,0x00,0xff,0x00,0x00,0x00,0xff,
	0x18,0x10,0x17,0xff,0x7f,0x5c,0x7a,0xff,0xb5,0x85,0xae,0xff,0xca,0x94,0xc2,0xff,
	0xcc,0x95,0xc3,0xff,0xca,0x94,0xc2,0xff,0xca,0x94,0xc2,0xff,0xca,0x94,0xc2,0xff,
	0xca,0x94,0xc2,0xff,0xca,0x94,0xc2,0xff,0xca,0x94,0xc2,0xff,0xca,0x94,0xc2,0xff,
	0xca,0x94,0xc2,0xff,0xca,0x94,0xc2,0xff,0xca,0x94,0xc2,0xff,0xca,0x94,0xc2,0xff,
	0xca,0x94,0xc2,0xff,0xca,0x94,0xc2,0xff,0xca,0x94,0xc2,0xff,0xca,0x94,0xc2,0xff,
	0xd0,0x98,0xc8,0xff,0x7f,0x5c,0x79,0xff,0x1d,0x12,0x1b,0xff,0x01,0x01,0x01,0xff,
	0x2f,0x22,0x2a,0xff,0x99,0x5d,0x86,0xff,0xc0,0x60,0x9e,0xff,0xff,0x00,0xff,0xff,
	0x00,0x00,0x00,0x00,0x00,0x00,0x00,0x00,0x00,0x00,0x00,0x00,0x00,0x00,0x00,0x00,
	0x00,0x00,0x00,0x00,0x00,0x00,0x00,0x00,0x00,0x00,0x00,0x00,0x00,0x00,0x00,0x00,
	0x00,0x00,0x00,0x00,0x00,0x00,0x00,0x00,0x00,0x00,0x00,0x00,0x00,0x00,0x00,0x00,
	0x00,0x00,0x00,0x00,0x00,0x00,0x00,0x00,0x00,0x00,0x00,0x00,0x00,0x00,0x00,0x00,
	0x00,0x00,0x00,0x00,0x00,0x00,0x00,0x00,0x00,0x00,0x00,0x00,0x00,0x00,0x00,0x00,
	0x00,0x00,0x00,0x00,0x00,0x00,0x00,0x00,0x00,0x00,0x00,0x00,0x00,0x00,0x00,0x00,
	0x00,0x00,0x00,0x00,0x00,0x00,0x00,0x00,0x00,0x00,0x00,0x00,0x00,0x00,0x00,0x00,
	0x00,0x00,0x00,0x00,0x00,0x00,0x00,0x00,0x00,0x00,0x00,0x00,0x00,0x00,0x00,0x00,
	0x00,0x00,0x00,0x00,0x00,0x00,0x00,0x00,0x00,0x00,0x00,0x00,0x00,0x00,0x00,0x00,
	0x00,0x00,0x00,0x00,0x00,0x00,0x00,0x00,0x00,0x00,0x00,0x00,0x00,0x00,0x00,0x00,
	0x00,0x00,0x00,0x00,0x00,0x00,0x00,0x00,0x00,0x00,0x00,0x00,0x00,0x00,0x00,0x00,
	0x00,0x00,0x00,0x00,0x00,0x00,0x00,0x00,0x00,0x00,0x00,0x00,0x00,0x00,0x00,0x00,
	0x00,0x00,0x00,0x00,0x00,0x00,0x00,0x00,0x00,0x00,0x00,0x00,0x00,0x00,0x00,0x00,
	0x00,0x00,0x00,0x00,0x00,0x00,0x00,0x00,0x00,0x00,0x00,0x00,0x00,0x00,0x00,0x00,
	0x00,0x00,0x00,0x00,0x00,0x00,0x00,0x00,0x00,0x00,0x00,0x00,0x00,0x00,0x00,0x00,
	0x00,0x00,0x00,0x00,0x00,0x00,0x00,0x00,0x00,0x00,0x00,0x00,0x00,0x00,0x00,0x00,
	0xbc,0x5e,0x9b,0xff,0x8e,0x57,0x7d,0xff,0x23,0x1a,0x1f,0xff,0x00,0x00,0x00,0xff,
	0x13,0x16,0x25,0xff,0x5b,0x62,0x92,0xff,0x79,0x81,0xc2,0xff,0x76,0x7e,0xbd,0xff,
	0x76,0x7e,0xbd,0xff,0x76,0x7e,0xbd,0xff,0x76,0x7e,0xbd,0xff,0x76,0x7e,0xbd,0xff,
	0x76,0x7e,0xbd,0xff,0x76,0x7e,0xbd,0xff,0x76,0x7e,0xbd,0xff,0x76,0x7e,0xbd,0xff,
	0x76,0x7e,0xbd,0xff,0x76,0x7e,0xbd,0xff,0x76,0x7e,0xbd,0xff,0x76,0x7e,0xbd,0xff,
	0x76,0x7e,0xbd,0xff,0x77,0x7f,0xbf,0xff,0x72,0x7a,0xb7,0xff,0x5d,0x63,0x96,0xff,
	0x3f,0x43,0x67,0xff,0x1c,0x1e,0x30,0xff,0x02,0x02,0x04,0xff,0x00,0x00,0x00,0xff,
	0x01,0x00,0x00,0xff,0x07,0x04,0x03,0xff,0x13,0x0d,0x0a,0xff,0x18,0x11,0x0d,0xff,
	0x14,0x0d,0x0a,0xff,0x08,0x05,0x03,0xff,0x01,0x01,0x00,0xff,0x00,0x00,0x00,0xff,
	0x03,0x02,0x02,0xff,0x30,0x21,0x2e,0xff,0x6a,0x4d,0x66,0xff,0x9c,0x72,0x96,0xff,
	0xc2,0x8e,0xbb,0xff,0xcc,0x95,0xc4,0xff,0xca,0x94,0xc2,0xff,0xca,0x94,0xc2,0xff,
	0xca,0x94,0xc2,0xff,0xca,0x94,0xc2,0xff,0xca,0x94,0xc2,0xff,0xca,0x94,0xc2,0xff,
	0xca,0x94,0xc2,0xff,0xca,0x94,0xc2,0xff,0xca,0x94,0xc2,0xff,0xca,0x94,0xc2,0xff,
	0xca,0x94,0xc2,0xff,0xca,0x94,0xc2,0xff,0xca,0x94,0xc2,0xff,0xca,0x94,0xc2,0xff,
	0xcf,0x97,0xc6,0xff,0xa6,0x7a,0x9f,0xff,0x2d,0x1f,0x2b,0xff,0x00,0x00,0x00,0xff,
	0x19,0x12,0x16,0xff,0x7a,0x4a,0x6a,0xff,0xb1,0x59,0x92,0xff,0xff,0x00,0xff,0xff,
	0x00,0x00,0x00,0x00,0x00,0x00,0x00,0x00,0x00,0x00,0x00,0x00,0x00,0x00,0x00,0x00,
	0x00,0x00,0x00,0x00,0x00,0x00,0x00,0x00,0x00,0x00,0x00,0x00,0x00,0x00,0x00,0x00,
	0x00,0x00,0x00,0x00,0x00,0x00,0x00,0x00,0x00,0x00,0x00,0x00,0x00,0x00,0x00,0x00,
	0x00,0x00,0x00,0x00,0x00,0x00,0x00,0x00,0x00,0x00,0x00,0x00,0x00,0x00,0x00,0x00,
	0x00,0x00,0x00,0x00,0x00,0x00,0x00,0x00,0x00,0x00,0x00,0x00,0x00,0x00,0x00,0x00,
	0x00,0x00,0x00,0x00,0x00,0x00,0x00,0x00,0x00,0x00,0x00,0x00,0x00,0x00,0x00,0x00,
	0x00,0x00,0x00,0x00,0x00,0x00,0x00,0x00,0x00,0x00,0x00,0x00,0x00,0x00,0x00,0x00,
	0x00,0x00,0x00,0x00,0x00,0x00,0x00,0x00,0x00,0x00,0x00,0x00,0x00,0x00,0x00,0x00,
	0x00,0x00,0x00,0x00,0x00,0x00,0x00,0x00,0x00,0x00,0x00,0x00,0x00,0x00,0x00,0x00,
	0x00,0x00,0x00,0x00,0x00,0x00,0x00,0x00,0x00,0x00,0x00,0x00,0x00,0x00,0x00,0x00,
	0x00,0x00,0x00,0x00,0x00,0x00,0x00,0x00,0x00,0x00,0x00,0x00,0x00,0x00,0x00,0x00,
	0x00,0x00,0x00,0x00,0x00,0x00,0x00,0x00,0x00,0x00,0x00,0x00,0x00,0x00,0x00,0x00,
	0x00,0x00,0x00,0x00,0x00,0x00,0x00,0x00,0x00,0x00,0x00,0x00,0x00,0x00,0x00,0x00,
	0x00,0x00,0x00,0x00,0x00,0x00,0x00,0x00,0x00,0x00,0x00,0x00,0x00,0x00,0x00,0x00,
	0x00,0x00,0x00,0x00,0x00,0x00,0x00,0x00,0x00,0x00,0x00,0x00,0x00,0x00,0x00,0x00,
	0x00,0x00,0x00,0x00,0x00,0x00,0x00,0x00,0x00,0x00,0x00,0x00,0x00,0x00,0x00,0x00,
	0xb0,0x58,0x91,0xff,0x75,0x47,0x66,0xff,0x15,0x0f,0x13,0xff,0x00,0x00,0x00,0xff,
	0x1b,0x1d,0x2f,0xff,0x69,0x70,0xa8,0xff,0x78,0x80,0xc0,0xff,0x76,0x7e,0xbd,0xff,
	0x76,0x7e,0xbd,0xff,0x76,0x7e,0xbd,0xff,0x76,0x7e,0xbd,0xff,0x76,0x7e,0xbd,0xff,
	0x76,0x7e,0xbd,0xff,0x76,0x7e,0xbd,0xff,0x76,0x7e,0xbd,0xff,0x76,0x7e,0xbd,0xff,
	0x76,0x7e,0xbd,0xff,0x76,0x7e,0xbd,0xff,0x76,0x7e,0xbd,0xff,0x76,0x7e,0xbd,0xff,
	0x77,0x7f,0xbe,0xff,0x70,0x78,0xb4,0xff,0x52,0x58,0x84,0xff,0x2a,0x2d,0x47,0xff,
	0x04,0x04,0x07,0xff,0x00,0x00,0x00,0xff,0x13,0x0c,0x08,0xff,0x44,0x31,0x26,0xff,
	0x76,0x56,0x43,0xff,0x96,0x6e,0x56,0xff,0xa5,0x79,0x5e,0xff,0xa9,0x7c,0x61,0xff,
	0xa5,0x79,0x5e,0xff,0x98,0x6f,0x56,0xff,0x79,0x58,0x44,0xff,0x48,0x35,0x28,0xff,
	0x16,0x0f,0x0a,0xff,0x00,0x00,0x00,0xff,0x06,0x03,0x06,0xff,0x47,0x32,0x44,0xff,
	0x89,0x64,0x83,0xff,0xbe,0x8b,0xb6,0xff,0xcb,0x95,0xc3,0xff,0xca,0x94,0xc2,0xff,
	0xca,0x94,0xc2,0xff,0xca,0x94,0xc2,0xff,0xca,0x94,0xc2,0xff,0xca,0x94,0xc2,0xff,
	0xca,0x94,0xc2,0xff,0xca,0x94,0xc2,0xff,0xca,0x94,0xc2,0xff,0xca,0x94,0xc2,0xff,
	0xca,0x94,0xc2,0xff,0xca,0x94,0xc2,0xff,0xca,0x94,0xc2,0xff,0xca,0x94,0xc2,0xff,
	0xcd,0x96,0xc4,0xff,0xbb,0x89,0xb4,0xff,0x39,0x28,0x37,0xff,0x01,0x01,0x01,0xff,
	0x0d,0x0a,0x0c,0xff,0x60,0x3a,0x54,0xff,0xa5,0x53,0x88,0xff,0xff,0x00,0xff,0xff,
	0x00,0x00,0x00,0x00,0x00,0x00,0x00,0x00,0x00,0x00,0x00,0x00,0x00,0x00,0x00,0x00,
	0x00,0x00,0x00,0x00,0x00,0x00,0x00,0x00,0x00,0x00,0x00,0x00,0x00,0x00,0x00,0x00,
	0x00,0x00,0x00,0x00,0x00,0x00,0x00,0x00,0x00,0x00,0x00,0x00,0x00,0x00,0x00,0x00,
	0x00,0x00,0x00,0x00,0x00,0x00,0x00,0x00,0x00,0x00,0x00,0x00,0x00,0x00,0x00,0x00,
	0x00,0x00,0x00,0x00,0x00,0x00,0x00,0x00,0x00,0x00,0x00,0x00,0x00,0x00,0x00,0x00,
	0x00,0x00,0x00,0x00,0x00,0x00,0x00,0x00,0x00,0x00,0x00,0x00,0x00,0x00,0x00,0x00,
	0x00,0x00,0x00,0x00,0x00,0x00,0x00,0x00,0x00,0x00,0x00,0x00,0x00,0x00,0x00,0x00,
	0x00,0x00,0x00,0x00,0x00,0x00,0x00,0x00,0x00,0x00,0x00,0x00,0x00,0x00,0x00,0x00,
	0x00,0x00,0x00,0x00,0x00,0x00,0x00,0x00,0x00,0x00,0x00,0x00,0x00,0x00,0x00,0x00,
	0x00,0x00,0x00,0x00,0x00,0x00,0x00,0x00,0x00,0x00,0x00,0x00,0x00,0x00,0x00,0x00,
	0x00,0x00,0x00,0x00,0x00,0x00,0x00,0x00,0x00,0x00,0x00,0x00,0x00,0x00,0x00,0x00,
	0x00,0x00,0x00,0x00,0x00,0x00,0x00,0x00,0x00,0x00,0x00,0x00,0x00,0x00,0x00,0x00,
	0x00,0x00,0x00,0x00,0x00,0x00,0x00,0x00,0x00,0x00,0x00,0x00,0x00,0x00,0x00,0x00,
	0x00,0x00,0x00,0x00,0x00,0x00,0x00,0x00,0x00,0x00,0x00,0x00,0x00,0x00,0x00,0x00,
	0x00,0x00,0x00,0x00,0x00,0x00,0x00,0x00,0x00,0x00,0x00,0x00,0x00,0x00,0x00,0x00,
	0x00,0x00,0x00,0x00,0x00,0x00,0x00,0x00,0x00,0x00,0x00,0x00,0x00,0x00,0x00,0x00,
	0xa6,0x53,0x89,0xff,0x62,0x3c,0x56,0xff,0x0e,0x0a,0x0d,0xff,0x00,0x00,0x01,0xff,
	0x1e,0x21,0x34,0xff,0x6e,0x75,0xb0,0xff,0x77,0x7f,0xbf,0xff,0x76,0x7e,0xbd,0xff,
	0x76,0x7e,0xbd,0xff,0x76,0x7e,0xbd,0xff,0x76,0x7e,0xbd,0xff,0x76,0x7e,0xbd,0xff,
	0x76,0x7e,0xbd,0xff,0x76,0x7e,0xbd,0xff,0x76,0x7e,0xbd,0xff,0x76,0x7e,0xbd,0xff,
	0x76,0x7e,0xbd,0xff,0x76,0x7e,0xbd,0xff,0x76,0x7e,0xbd,0xff,0x77,0x7f,0xbe,0xff,
	0x70,0x78,0xb4,0xff,0x4e,0x54,0x7f,0xff,0x1e,0x21,0x34,0xff,0x00,0x00,0x00,0xff,
	0x08,0x05,0x03,0xff,0x4b,0x36,0x29,0xff,0x90,0x69,0x51,0xff,0xb8,0x87,0x69,0xff,
	0xc7,0x93,0x73,0xff,0xd1,0x9a,0x78,0xff,0xd6,0x9e,0x7b,0xff,0xd8,0x9f,0x7c,0xff,
	0xd6,0x9e,0x7b,0xff,0xd2,0x9b,0x79,0xff,0xc9,0x94,0x73,0xff,0xb9,0x89,0x6a,0xff,
	0x94,0x6c,0x54,0xff,0x51,0x3a,0x2d,0xff,0x0b,0x06,0x05,0xff,0x00,0x00,0x00,0xff,
	0x33,0x23,0x30,0xff,0x82,0x5f,0x7d,0xff,0xbe,0x8b,0xb7,0xff,0xcc,0x95,0xc3,0xff,
	0xca,0x94,0xc2,0xff,0xca,0x94,0xc2,0xff,0xca,0x94,0xc2,0xff,0xca,0x94,0xc2,0xff,
	0xca,0x94,0xc2,0xff,0xca,0x94,0xc2,0xff,0xca,0x94,0xc2,0xff,0xca,0x94,0xc2,0xff,
	0xca,0x94,0xc2,0xff,0xca,0x94,0xc2,0xff,0xca,0x94,0xc2,0xff,0xca,0x94,0xc2,0xff,
	0xcb,0x95,0xc3,0xff,0xc2,0x8e,0xbb,0xff,0x3e,0x2d,0x3c,0xff,0x02,0x01,0x02,0xff,
	0x0a,0x07,0x09,0xff,0x58,0x36,0x4d,0xff,0xa1,0x51,0x85,0xff,0xff,0x00,0xff,0xff,
	0x00,0x00,0x00,0x00,0x00,0x00,0x00,0x00,0x00,0x00,0x00,0x00,0x00,0x00,0x00,0x00,
	0x00,0x00,0x00,0x00,0x00,0x00,0x00,0x00,0x00,0x00,0x00,0x00,0x00,0x00,0x00,0x00,
	0x00,0x00,0x00,0x00,0x00,0x00,0x00,0x00,0x00,0x00,0x00,0x00,0x00,0x00,0x00,0x00,
	0x00,0x00,0x00,0x00,0x00,0x00,0x00,0x00,0x00,0x00,0x00,0x00,0x00,0x00,0x00,0x00,
	0x00,0x00,0x00,0x00,0x00,0x00,0x00,0x00,0x00,0x00,0x00,0x00,0x00,0x00,0x00,0x00,
	0x00,0x00,0x00,0x00,0x00,0x00,0x00,0x00,0x00,0x00,0x00,0x00,0x00,0x00,0x00,0x00,
	0x00,0x00,0x00,0x00,0x00,0x00,0x00,0x00,0x00,0x00,0x00,0x00,0x00,0x00,0x00,0x00,
	0x00,0x00,0x00,0x00,0x00,0x00,0x00,0x00,0x00,0x00,0x00,0x00,0x00,0x00,0x00,0x00,
	0x00,0x00,0x00,0x00,0x00,0x00,0x00,0x00,0x00,0x00,0x00,0x00,0x00,0x00,0x00,0x00,
	0x00,0x00,0x00,0x00,0x00,0x00,0x00,0x00,0x00,0x00,0x00,0x00,0x00,0x00,0x00,0x00,
	0x00,0x00,0x00,0x00,0x00,0x00,0x00,0x00,0x00,0x00,0x00,0x00,0x00,0x00,0x00,0x00,
	0x00,0x00,0x00,0x00,0x00,0x00,0x00,0x00,0x00,0x00,0x00,0x00,0x00,0x00,0x00,0x00,
	0x00,0x00,0x00,0x00,0x00,0x00,0x00,0x00,0x00,0x00,0x00,0x00,0x00,0x00,0x00,0x00,
	0x00,0x00,0x00,0x00,0x00,0x00,0x00,0x00,0x00,0x00,0x00,0x00,0x00,0x00,0x00,0x00,
	0x00,0x00,0x00,0x00,0x00,0x00,0x00,0x00,0x00,0x00,0x00,0x00,0x00,0x00,0x00,0x00,
	0x00,0x00,0x00,0x00,0x00,0x00,0x00,0x00,0x00,0x00,0x00,0x00,0x00,0x00,0x00,0x00,
	0xa8,0x54,0x8a,0xff,0x65,0x3d,0x58,0xff,0x0e,0x0a,0x0d,0xff,0x00,0x00,0x01,0xff,
	0x1d,0x20,0x32,0xff,0x6d,0x74,0xae,0xff,0x77,0x7f,0xbf,0xff,0x76,0x7e,0xbd,0xff,
	0x76,0x7e,0xbd,0xff,0x76,0x7e,0xbd,0xff,0x76,0x7e,0xbd,0xff,0x76,0x7e,0xbd,0xff,
	0x76,0x7e,0xbd,0xff,0x76,0x7e,0xbd,0xff,0x76,0x7e,0xbd,0xff,0x76,0x7e,0xbd,0xff,
	0x76,0x7e,0xbd,0xff,0x76,0x7e,0xbd,0xff,0x77,0x7f,0xbe,0xff,0x72,0x7a,0xb7,0xff,
	0x55,0x5a,0x88,0xff,0x1e,0x20,0x33,0xff,0x00,0x00,0x00,0xff,0x19,0x11,0x0c,0xff,
	0x6d,0x50,0x3d,0xff,0xb2,0x83,0x66,0xff,0xd0,0x99,0x77,0xff,0xdb,0xa1,0x7e,0xff,
	0xdc,0xa2,0x7f,0xff,0xda,0xa1,0x7e,0xff,0xda,0xa1,0x7d,0xff,0xd9,0xa0,0x7d,0xff,
	0xda,0xa1,0x7d,0xff,0xda,0xa1,0x7e,0xff,0xdc,0xa2,0x7f,0xff,0xdb,0xa2,0x7e,0xff,
	0xd1,0x9a,0x78,0xff,0xb6,0x86,0x68,0xff,0x73,0x54,0x41,0xff,0x20,0x15,0x0f,0xff,
	0x00,0x00,0x00,0xff,0x30,0x21,0x2e,0xff,0x8c,0x66,0x86,0xff,0xc3,0x8f,0xbb,0xff,
	0xcc,0x95,0xc3,0xff,0xca,0x94,0xc2,0xff,0xca,0x94,0xc2,0xff,0xca,0x94,0xc2,0xff,
	0xca,0x94,0xc2,0xff,0xca,0x94,0xc2,0xff,0xca,0x94,0xc2,0xff,0xca,0x94,0xc2,0xff,
	0xca,0x94,0xc2,0xff,0xca,0x94,0xc2,0xff,0xca,0x94,0xc2,0xff,0xca,0x94,0xc2,0xff,
	0xcb,0x95,0xc3,0xff,0xc1,0x8d,0xb9,0xff,0x3d,0x2b,0x3a,0xff,0x02,0x01,0x02,0xff,
	0x0e,0x0a,0x0d,0xff,0x65,0x3d,0x58,0xff,0xa8,0x54,0x8a,0xff,0xff,0x00,0xff,0xff,
	0x00,0x00,0x00,0x00,0x00,0x00,0x00,0x00,0x00,0x00,0x00,0x00,0x00,0x00,0x00,0x00,
	0x00,0x00,0x00,0x00,0x00,0x00,0x00,0x00,0x00,0x00,0x00,0x00,0x00,0x00,0x00,0x00,
	0x00,0x00,0x00,0x00,0x00,0x00,0x00,0x00,0x00,0x00,0x00,0x00,0x00,0x00,0x00,0x00,
	0x00,0x00,0x00,0x00,0x00,0x00,0x00,0x00,0x00,0x00,0x00,0x00,0x00,0x00,0x00,0x00,
	0x00,0x00,0x00,0x00,0x00,0x00,0x00,0x00,0x00,0x00,0x00,0x00,0x00,0x00,0x00,0x00,
	0x00,0x00,0x00,0x00,0x00,0x00,0x00,0x00,0x00,0x00,0x00,0x00,0x00,0x00,0x00,0x00,
	0x00,0x00,0x00,0x00,0x00,0x00,0x00,0x00,0x00,0x00,0x00,0x00,0x00,0x00,0x00,0x00,
	0x00,0x00,0x00,0x00,0x00,0x00,0x00,0x00,0x00,0x00,0x00,0x00,0x00,0x00,0x00,0x00,
	0x00,0x00,0x00,0x00,0x00,0x00,0x00,0x00,0x00,0x00,0x00,0x00,0x00,0x00,0x00,0x00,
	0x00,0x00,0x00,0x00,0x00,0x00,0x00,0x00,0x00,0x00,0x00,0x00,0x00,0x00,0x00,0x00,
	0x00,0x00,0x00,0x00,0x00,0x00,0x00,0x00,0x00,0x00,0x00,0x00,0x00,0x00,0x00,0x00,
	0x00,0x00,0x00,0x00,0x00,0x00,0x00,0x00,0x00,0x00,0x00,0x00,0x00,0x00,0x00,0x00,
	0x00,0x00,0x00,0x00,0x00,0x00,0x00,0x00,0x00,0x00,0x00,0x00,0x00,0x00,0x00,0x00,
	0x00,0x00,0x00,0x00,0x00,0x00,0x00,0x00,0x00,0x00,0x00,0x00,0x00,0x00,0x00,0x00,
	0x00,0x00,0x00,0x00,0x00,0x00,0x00,0x00,0x00,0x00,0x00,0x00,0x00,0x00,0x00,0x00,
	0x00,0x00,0x00,0x00,0x00,0x00,0x00,0x00,0x00,0x00,0x00,0x00,0x00,0x00,0x00,0x00,
	0xb2,0x59,0x93,0xff,0x7b,0x4b,0x6b,0xff,0x18,0x12,0x15,0xff,0x00,0x00,0x00,0xff,
	0x18,0x1a,0x2b,0xff,0x65,0x6b,0xa1,0xff,0x78,0x80,0xc1,0xff,0x76,0x7e,0xbd,0xff,
	0x76,0x7e,0xbd,0xff,0x76,0x7e,0xbd,0xff,0x76,0x7e,0xbd,0xff,0x76,0x7e,0xbd,0xff,
	0x76,0x7e,0xbd,0xff,0x76,0x7e,0xbd,0xff,0x76,0x7e,0xbd,0xff,0x76,0x7e,0xbd,0xff,
	0x76,0x7e,0xbd,0xff,0x76,0x7e,0xbe,0xff,0x75,0x7d,0xbc,0xff,0x62,0x6a,0x9f,0xff,
	0x28,0x2b,0x43,0xff,0x00,0x00,0x00,0xff,0x1a,0x11,0x0c,0xff,0x75,0x56,0x42,0xff,
	0xc0,0x8d,0x6e,0xff,0xd8,0xa0,0x7d,0xff,0xdb,0xa2,0x7e,0xff,0xd9,0xa0,0x7d,0xff,
	0xd9,0xa0,0x7d,0xff,0xd9,0xa0,0x7d,0xff,0xd9,0xa0,0x7d,0xff,0xd9,0xa0,0x7d,0xff,
	0xd9,0xa0,0x7d,0xff,0xd9,0xa0,0x7d,0xff,0xd9,0xa0,0x7d,0xff,0xd9,0xa0,0x7d,0xff,
	0xdb,0xa2,0x7e,0xff,0xd9,0xa0,0x7d,0xff,0xc3,0x8f,0x70,0xff,0x7b,0x5a,0x45,0xff,
	0x20,0x16,0x0f,0xff,0x00,0x00,0x00,0xff,0x40,0x2e,0x3d,0xff,0xa5,0x78,0x9e,0xff,
	0xc8,0x93,0xc0,0xff,0xcb,0x95,0xc3,0xff,0xca,0x94,0xc2,0xff,0xca,0x94,0xc2,0xff,
	0xca,0x94,0xc2,0xff,0xca,0x94,0xc2,0xff,0xca,0x94,0xc2,0xff,0xca,0x94,0xc2,0xff,
	0xca,0x94,0xc2,0xff,0xca,0x94,0xc2,0xff,0xca,0x94,0xc2,0xff,0xca,0x94,0xc2,0xff,
	0xcd,0x96,0xc5,0xff,0xb5,0x84,0xad,0xff,0x34,0x25,0x32,0xff,0x00,0x00,0x00,0xff,
	0x17,0x11,0x15,0xff,0x7d,0x4c,0x6d,0xff,0xb3,0x5a,0x94,0xff,0xff,0x00,0xff,0xff,
	0x00,0x00,0x00,0x00,0x00,0x00,0x00,0x00,0x00,0x00,0x00,0x00,0x00,0x00,0x00,0x00,
	0x00,0x00,0x00,0x00,0x00,0x00,0x00,0x00,0x00,0x00,0x00,0x00,0x00,0x00,0x00,0x00,
	0x00,0x00,0x00,0x00,0x00,0x00,0x00,0x00,0x00,0x00,0x00,0x00,0x00,0x00,0x00,0x00,
	0x00,0x00,0x00,0x00,0x00,0x00,0x00,0x00,0x00,0x00,0x00,0x00,0x00,0x00,0x00,0x00,
	0x00,0x00,0x00,0x00,0x00,0x00,0x00,0x00,0x00,0x00,0x00,0x00,0x00,0x00,0x00,0x00,
	0x00,0x00,0x00,0x00,0x00,0x00,0x00,0x00,0x00,0x00,0x00,0x00,0x00,0x00,0x00,0x00,
	0x00,0x00,0x00,0x00,0x00,0x00,0x00,0x00,0x00,0x00,0x00,0x00,0x00,0x00,0x00,0x00,
	0x00,0x00,0x00,0x00,0x00,0x00,0x00,0x00,0x00,0x00,0x00,0x00,0x00,0x00,0x00,0x00,
	0x00,0x00,0x00,0x00,0x00,0x00,0x00,0x00,0x00,0x00,0x00,0x00,0x00,0x00,0x00,0x00,
	0x00,0x00,0x00,0x00,0x00,0x00,0x00,0x00,0x00,0x00,0x00,0x00,0x00,0x00,0x00,0x00,
	0x00,0x00,0x00,0x00,0x00,0x00,0x00,0x00,0x00,0x00,0x00,0x00,0x00,0x00,0x00,0x00,
	0x00,0x00,0x00,0x00,0x00,0x00,0x00,0x00,0x00,0x00,0x00,0x00,0x00,0x00,0x00,0x00,
	0x00,0x00,0x00,0x00,0x00,0x00,0x00,0x00,0x00,0x00,0x00,0x00,0x00,0x00,0x00,0x00,
	0x00,0x00,0x00,0x00,0x00,0x00,0x00,0x00,0x00,0x00,0x00,0x00,0x00,0x00,0x00,0x00,
	0x00,0x00,0x00,0x00,0x00,0x00,0x00,0x00,0x00,0x00,0x00,0x00,0x00,0x00,0x00,0x00,
	0x00,0x00,0x00,0x00,0x00,0x00,0x00,0x00,0x00,0x00,0x00,0x00,0x00,0x00,0x00,0x00,
	0xbf,0x60,0x9d,0xff,0x95,0x5b,0x83,0xff,0x2a,0x1f,0x25,0xff,0x00,0x00,0x00,0xff,
	0x0f,0x11,0x1f,0xff,0x52,0x58,0x83,0xff,0x7a,0x82,0xc3,0xff,0x76,0x7e,0xbd,0xff,
	0x76,0x7e,0xbd,0xff,0x76,0x7e,0xbd,0xff,0x76,0x7e,0xbd,0xff,0x76,0x7e,0xbd,0xff,
	0x76,0x7e,0xbd,0xff,0x76,0x7e,0xbd,0xff,0x76,0x7e,0xbd,0xff,0x76,0x7e,0xbd,0xff,
	0x76,0x7e,0xbd,0xff,0x77,0x7f,0xbf,0xff,0x6e,0x76,0xb2,0xff,0x40,0x45,0x68,0xff,
	0x02,0x02,0x05,0xff,0x08,0x05,0x03,0xff,0x69,0x4c,0x3b,0xff,0xbc,0x8b,0x6c,0xff,
	0xda,0xa1,0x7e,0xff,0xda,0xa1,0x7e,0xff,0xd9,0xa0,0x7d,0xff,0xd9,0xa0,0x7d,0xff,
	0xd9,0xa0,0x7d,0xff,0xd9,0xa0,0x7d,0xff,0xd9,0xa0,0x7d,0xff,0xd9,0xa0,0x7d,0xff,
	0xd9,0xa0,0x7d,0xff,0xd9,0xa0,0x7d,0xff,0xd9,0xa0,0x7d,0xff,0xd9,0xa0,0x7d,0xff,
	0xd9,0xa0,0x7d,0xff,0xda,0xa1,0x7e,0xff,0xdb,0xa1,0x7e,0xff,0xc1,0x8e,0x6e,0xff,
	0x70,0x51,0x3e,0xff,0x0d,0x08,0x05,0xff,0x02,0x02,0x02,0xff,0x67,0x4b,0x63,0xff,
	0xbb,0x8a,0xb4,0xff,0xcb,0x95,0xc3,0xff,0xca,0x94,0xc2,0xff,0xca,0x94,0xc2,0xff,
	0xca,0x94,0xc2,0xff,0xca,0x94,0xc2,0xff,0xca,0x94,0xc2,0xff,0xca,0x94,0xc2,0xff,
	0xca,0x94,0xc2,0xff,0xca,0x94,0xc2,0xff,0xca,0x94,0xc2,0xff,0xca,0x94,0xc2,0xff,
	0xd0,0x98,0xc8,0xff,0x97,0x6f,0x91,0xff,0x27,0x1a,0x25,0xff,0x00,0x00,0x00,0xff,
	0x27,0x1d,0x23,0xff,0x96,0x5b,0x84,0xff,0xbf,0x60,0x9d,0xff,0xff,0x00,0xff,0xff,
	0x00,0x00,0x00,0x00,0x00,0x00,0x00,0x00,0x00,0x00,0x00,0x00,0x00,0x00,0x00,0x00,
	0x00,0x00,0x00,0x00,0x00,0x00,0x00,0x00,0x00,0x00,0x00,0x00,0x00,0x00,0x00,0x00,
	0x00,0x00,0x00,0x00,0x00,0x00,0x00,0x00,0x00,0x00,0x00,0x00,0x00,0x00,0x00,0x00,
	0x00,0x00,0x00,0x00,0x00,0x00,0x00,0x00,0x00,0x00,0x00,0x00,0x00,0x00,0x00,0x00,
	0x00,0x00,0x00,0x00,0x00,0x00,0x00,0x00,0x00,0x00,0x00,0x00,0x00,0x00,0x00,0x00,
	0x00,0x00,0x00,0x00,0x00,0x00,0x00,0x00,0x00,0x00,0x00,0x00,0x00,0x00,0x00,0x00,
	0x00,0x00,0x00,0x00,0x00,0x00,0x00,0x00,0x00,0x00,0x00,0x00,0x00,0x00,0x00,0x00,
	0x00,0x00,0x00,0x00,0x00,0x00,0x00,0x00,0x00,0x00,0x00,0x00,0x00,0x00,0x00,0x00,
	0x00,0x00,0x00,0x00,0x00,0x00,0x00,0x00,0x00,0x00,0x00,0x00,0x00,0x00,0x00,0x00,
	0x00,0x00,0x00,0x00,0x00,0x00,0x00,0x00,0x00,0x00,0x00,0x00,0x00,0x00,0x00,0x00,
	0x00,0x00,0x00,0x00,0x00,0x00,0x00,0x00,0x00,0x00,0x00,0x00,0x00,0x00,0x00,0x00,
	0x00,0x00,0x00,0x00,0x00,0x00,0x00,0x00,0x00,0x00,0x00,0x00,0x00,0x00,0x00,0x00,
	0x00,0x00,0x00,0x00,0x00,0x00,0x00,0x00,0x00,0x00,0x00,0x00,0x00,0x00,0x00,0x00,
	0x00,0x00,0x00,0x00,0x00,0x00,0x00,0x00,0x00,0x00,0x00,0x00,0x00,0x00,0x00,0x00,
	0x00,0x00,0x00,0x00,0x00,0x00,0x00,0x00,0x00,0x00,0x00,0x00,0x00,0x00,0x00,0x00,
	0x00,0x00,0x00,0x00,0x00,0x00,0x00,0x00,0x00,0x00,0x00,0x00,0x00,0x00,0x00,0x00,
	0xc8,0x64,0xa5,0xff,0xad,0x69,0x97,0xff,0x44,0x32,0x3d,0xff,0x04,0x03,0x04,0xff,
	0x05,0x06,0x0d,0xff,0x37,0x3b,0x59,0xff,0x78,0x80,0xbf,0xff,0x77,0x7f,0xbe,0xff,
	0x76,0x7e,0xbd,0xff,0x76,0x7e,0xbd,0xff,0x76,0x7e,0xbd,0xff,0x76,0x7e,0xbd,0xff,
	0x76,0x7e,0xbd,0xff,0x76,0x7e,0xbd,0xff,0x76,0x7e,0xbd,0xff,0x76,0x7e,0xbd,0xff,
	0x76,0x7e,0xbe,0xff,0x75,0x7d,0xbc,0xff,0x60,0x67,0x9b,0xff,0x17,0x1a,0x29,0xff,
	0x00,0x00,0x00,0xff,0x47,0x33,0x26,0xff,0xa3,0x78,0x5d,0xff,0xda,0xa1,0x7d,0xff,
	0xda,0xa1,0x7e,0xff,0xd9,0xa0,0x7d,0xff,0xd9,0xa0,0x7d,0xff,0xd9,0xa0,0x7d,0xff,
	0xd9,0xa0,0x7d,0xff,0xd9,0xa0,0x7d,0xff,0xd9,0xa0,0x7d,0xff,0xd9,0xa0,0x7d,0xff,
	0xd9,0xa0,0x7d,0xff,0xd9,0xa0,0x7d,0xff,0xd9,0xa0,0x7d,0xff,0xd9,0xa0,0x7d,0xff,
	0xd9,0xa0,0x7d,0xff,0xd9,0xa0,0x7d,0xff,0xda,0xa1,0x7d,0xff,0xdb,0xa1,0x7e,0xff,
	0xaa,0x7d,0x62,0xff,0x4f,0x39,0x2b,0xff,0x00,0x00,0x00,0xff,0x24,0x19,0x22,0xff,
	0xa0,0x75,0x9a,0xff,0xc8,0x92,0xc0,0xff,0xcb,0x95,0xc3,0xff,0xca,0x94,0xc2,0xff,
	0xca,0x94,0xc2,0xff,0xca,0x94,0xc2,0xff,0xca,0x94,0xc2,0xff,0xca,0x94,0xc2,0xff,
	0xca,0x94,0xc2,0xff,0xca,0x94,0xc2,0xff,0xca,0x94,0xc2,0xff,0xcb,0x94,0xc3,0xff,
	0xce,0x97,0xc6,0xff,0x69,0x4d,0x65,0xff,0x14,0x0b,0x12,0xff,0x03,0x02,0x03,0xff,
	0x3f,0x2f,0x39,0xff,0xac,0x69,0x96,0xff,0xc8,0x64,0xa5,0xff,0xff,0x00,0xff,0xff,
	0x00,0x00,0x00,0x00,0x00,0x00,0x00,0x00,0x00,0x00,0x00,0x00,0x00,0x00,0x00,0x00,
	0x00,0x00,0x00,0x00,0x00,0x00,0x00,0x00,0x00,0x00,0x00,0x00,0x00,0x00,0x00,0x00,
	0x00,0x00,0x00,0x00,0x00,0x00,0x00,0x00,0x00,0x00,0x00,0x00,0x00,0x00,0x00,0x00,
	0x00,0x00,0x00,0x00,0x00,0x00,0x00,0x00,0x00,0x00,0x00,0x00,0x00,0x00,0x00,0x00,
	0x00,0x00,0x00,0x00,0x00,0x00,0x00,0x00,0x00,0x00,0x00,0x00,0x00,0x00,0x00,0x00,
	0x00,0x00,0x00,0x00,0x00,0x00,0x00,0x00,0x00,0x00,0x00,0x00,0x00,0x00,0x00,0x00,
	0x00,0x00,0x00,0x00,0x00,0x00,0x00,0x00,0x00,0x00,0x00,0x00,0x00,0x00,0x00,0x00,
	0x00,0x00,0x00,0x00,0x00,0x00,0x00,0x00,0x00,0x00,0x00,0x00,0x00,0x00,0x00,0x00,
	0x00,0x00,0x00,0x00,0x00,0x00,0x00,0x00,0x00,0x00,0x00,0x00,0x00,0x00,0x00,0x00,
	0x00,0x00,0x00,0x00,0x00,0x00,0x00,0x00,0x00,0x00,0x00,0x00,0x00,0x00,0x00,0x00,
	0x00,0x00,0x00,0x00,0x00,0x00,0x00,0x00,0x00,0x00,0x00,0x00,0x00,0x00,0x00,0x00,
	0x00,0x00,0x00,0x00,0x00,0x00,0x00,0x00,0x00,0x00,0x00,0x00,0x00,0x00,0x00,0x00,
	0x00,0x00,0x00,0x00,0x00,0x00,0x00,0x00,0x00,0x00,0x00,0x00,0x00,0x00,0x00,0x00,
	0x00,0x00,0x00,0x00,0x00,0x00,0x00,0x00,0x00,0x00,0x00,0x00,0x00,0x00,0x00,0x00,
	0x00,0x00,0x00,0x00,0x00,0x00,0x00,0x00,0x00,0x00,0x00,0x00,0x00,0x00,0x00,0x00,
	0x00,0x00,0x00,0x00,0x00,0x00,0x00,0x00,0x00,0x00,0x00,0x00,0x00,0x00,0x00,0x00,
	0xcf,0x68,0xab,0xff,0xc2,0x76,0xaa,0xff,0x68,0x4c,0x5d,0xff,0x11,0x0d,0x0f,0xff,
	0x00,0x00,0x01,0xff,0x1d,0x1f,0x32,0xff,0x62,0x68,0x9c,0xff,0x79,0x81,0xc2,0xff,
	0x76,0x7e,0xbd,0xff,0x76,0x7e,0xbd,0xff,0x76,0x7e,0xbd,0xff,0x76,0x7e,0xbd,0xff,
	0x76,0x7e,0xbd,0xff,0x76,0x7e,0xbd,0xff,0x76,0x7e,0xbd,0xff,0x76,0x7e,0xbd,0xff,
	0x77,0x7f,0xbe,0xff,0x71,0x79,0xb5,0xff,0x47,0x4c,0x73,0xff,0x02,0x02,0x02,0xff,
	0x10,0x0a,0x06,0xff,0x7b,0x59,0x45,0xff,0xcd,0x97,0x76,0xff,0xdb,0xa2,0x7e,0xff,
	0xd9,0xa0,0x7d,0xff,0xd9,0xa0,0x7d,0xff,0xd9,0xa0,0x7d,0xff,0xd9,0xa0,0x7d,0xff,
	0xd9,0xa0,0x7d,0xff,0xd9,0xa0,0x7d,0xff,0xd9,0xa0,0x7d,0xff,0xd9,0xa0,0x7d,0xff,
	0xd9,0xa0,0x7d,0xff,0xd9,0xa0,0x7d,0xff,0xd9,0xa0,0x7d,0xff,0xd9,0xa0,0x7d,0xff,
	0xd9,0xa0,0x7d,0xff,0xd9,0xa0,0x7d,0xff,0xd9,0xa0,0x7d,0xff,0xdb,0xa2,0x7e,0xff,
	0xd1,0x9a,0x78,0xff,0x81,0x5e,0x49,0xff,0x16,0x0f,0x0a,0xff,0x02,0x01,0x01,0xff,
	0x71,0x53,0x6c,0xff,0xbf,0x8c,0xb8,0xff,0xcc,0x95,0xc4,0xff,0xca,0x94,0xc2,0xff,
	0xca,0x94,0xc2,0xff,0xca,0x94,0xc2,0xff,0xca,0x94,0xc2,0xff,0xca,0x94,0xc2,0xff,
	0xca,0x94,0xc2,0xff,0xca,0x94,0xc2,0xff,0xca,0x94,0xc2,0xff,0xcf,0x97,0xc7,0xff,
	0xae,0x7f,0xa7,0xff,0x3c,0x2b,0x3a,0xff,0x02,0x01,0x02,0xff,0x0d,0x0a,0x0c,0xff,
	0x60,0x47,0x56,0xff,0xc0,0x75,0xa9,0xff,0xce,0x67,0xaa,0xff,0xff,0x00,0xff,0xff,
	0x00,0x00,0x00,0x00,0x00,0x00,0x00,0x00,0x00,0x00,0x00,0x00,0x00,0x00,0x00,0x00,
	0x00,0x00,0x00,0x00,0x00,0x00,0x00,0x00,0x00,0x00,0x00,0x00,0x00,0x00,0x00,0x00,
	0x00,0x00,0x00,0x00,0x00,0x00,0x00,0x00,0x00,0x00,0x00,0x00,0x00,0x00,0x00,0x00,
	0x00,0x00,0x00,0x00,0x00,0x00,0x00,0x00,0x00,0x00,0x00,0x00,0x00,0x00,0x00,0x00,
	0x00,0x00,0x00,0x00,0x00,0x00,0x00,0x00,0x00,0x00,0x00,0x00,0x00,0x00,0x00,0x00,
	0x00,0x00,0x00,0x00,0x00,0x00,0x00,0x00,0x00,0x00,0x00,0x00,0x00,0x00,0x00,0x00,
	0x00,0x00,0x00,0x00,0x00,0x00,0x00,0x00,0x00,0x00,0x00,0x00,0x00,0x00,0x00,0x00,
	0x00,0x00,0x00,0x00,0x00,0x00,0x00,0x00,0x00,0x00,0x00,0x00,0x00,0x00,0x00,0x00,
	0x00,0x00,0x00,0x00,0x00,0x00,0x00,0x00,0x00,0x00,0x00,0x00,0x00,0x00,0x00,0x00,
	0x00,0x00,0x00,0x00,0x00,0x00,0x00,0x00,0x00,0x00,0x00,0x00,0x00,0x00,0x00,0x00,
	0x00,0x00,0x00,0x00,0x00,0x00,0x00,0x00,0x00,0x00,0x00,0x00,0x00,0x00,0x00,0x00,
	0x00,0x00,0x00,0x00,0x00,0x00,0x00,0x00,0x00,0x00,0x00,0x00,0x00,0x00,0x00,0x00,
	0x00,0x00,0x00,0x00,0x00,0x00,0x00,0x00,0x00,0x00,0x00,0x00,0x00,0x00,0x00,0x00,
	0x00,0x00,0x00,0x00,0x00,0x00,0x00,0x00,0x00,0x00,0x00,0x00,0x00,0x00,0x00,0x00,
	0x00,0x00,0x00,0x00,0x00,0x00,0x00,0x00,0x00,0x00,0x00,0x00,0x00,0x00,0x00,0x00,
	0x00,0x00,0x00,0x00,0x00,0x00,0x00,0x00,0x00,0x00,0x00,0x00,0x00,0x00,0x00,0x00,
	0xd4,0x6a,0xaf,0xff,0xd9,0x84,0xbe,0xff,0x96,0x6f,0x86,0xff,0x37,0x28,0x31,0xff,
	0x03,0x02,0x03,0xff,0x07,0x08,0x12,0xff,0x3a,0x3e,0x5e,0xff,0x72,0x7a,0xb7,0xff,
	0x78,0x80,0xbf,0xff,0x76,0x7e,0xbd,0xff,0x76,0x7e,0xbd,0xff,0x76,0x7e,0xbd,0xff,
	0x76,0x7e,0xbd,0xff,0x76,0x7e,0xbd,0xff,0x76,0x7e,0xbd,0xff,0x76,0x7e,0xbd,0xff,
	0x77,0x7f,0xbe,0xff,0x6c,0x73,0xad,0xff,0x2a,0x2d,0x45,0xff,0x00,0x00,0x00,0xff,
	0x3a,0x29,0x1f,0xff,0x9d,0x73,0x5a,0xff,0xdd,0xa3,0x7f,0xff,0xd9,0xa0,0x7d,0xff,
	0xd9,0xa0,0x7d,0xff,0xd9,0xa0,0x7d,0xff,0xd9,0xa0,0x7d,0xff,0xd9,0xa0,0x7d,0xff,
	0xd9,0xa0,0x7d,0xff,0xd9,0xa0,0x7d,0xff,0xd9,0xa0,0x7d,0xff,0xd9,0xa0,0x7d,0xff,
	0xd9,0xa0,0x7d,0xff,0xd9,0xa0,0x7d,0xff,0xd9,0xa0,0x7d,0xff,0xd9,0xa0,0x7d,0xff,
	0xd9,0xa0,0x7d,0xff,0xd9,0xa0,0x7d,0xff,0xd9,0xa0,0x7d,0xff,0xd9,0xa0,0x7d,0xff,
	0xde,0xa4,0x7f,0xff,0xa3,0x78,0x5d,0xff,0x42,0x30,0x24,0xff,0x00,0x00,0x00,0xff,
	0x3f,0x2e,0x3c,0xff,0xb6,0x85,0xaf,0xff,0xcb,0x95,0xc3,0xff,0xca,0x94,0xc2,0xff,
	0xca,0x94,0xc2,0xff,0xca,0x94,0xc2,0xff,0xca,0x94,0xc2,0xff,0xca,0x94,0xc2,0xff,
	0xca,0x94,0xc2,0xff,0xca,0x94,0xc2,0xff,0xcc,0x96,0xc4,0xff,0xc7,0x92,0xbf,0xff,
	0x6c,0x4f,0x68,0xff,0x17,0x0e,0x15,0xff,0x01,0x01,0x01,0xff,0x27,0x1d,0x23,0xff,
	0x88,0x64,0x7a,0xff,0xd4,0x81,0xba,0xff,0xd3,0x6a,0xae,0xff,0xff,0x00,0xff,0xff,
	0x00,0x00,0x00,0x00,0x00,0x00,0x00,0x00,0x00,0x00,0x00,0x00,0x00,0x00,0x00,0x00,
	0x00,0x00,0x00,0x00,0x00,0x00,0x00,0x00,0x00,0x00,0x00,0x00,0x00,0x00,0x00,0x00,
	0x00,0x00,0x00,0x00,0x00,0x00,0x00,0x00,0x00,0x00,0x00,0x00,0x00,0x00,0x00,0x00,
	0x00,0x00,0x00,0x00,0x00,0x00,0x00,0x00,0x00,0x00,0x00,0x00,0x00,0x00,0x00,0x00,
	0x00,0x00,0x00,0x00,0x00,0x00,0x00,0x00,0x00,0x00,0x00,0x00,0x00,0x00,0x00,0x00,
	0x00,0x00,0x00,0x00,0x00,0x00,0x00,0x00,0x00,0x00,0x00,0x00,0x00,0x00,0x00,0x00,
	0x00,0x00,0x00,0x00,0x00,0x00,0x00,0x00,0x00,0x00,0x00,0x00,0x00,0x00,0x00,0x00,
	0x00,0x00,0x00,0x00,0x00,0x00,0x00,0x00,0x00,0x00,0x00,0x00,0x00,0x00,0x00,0x00,
	0x00,0x00,0x00,0x00,0x00,0x00,0x00,0x00,0x00,0x00,0x00,0x00,0x00,0x00,0x00,0x00,
	0x00,0x00,0x00,0x00,0x00,0x00,0x00,0x00,0x00,0x00,0x00,0x00,0x00,0x00,0x00,0x00,
	0x00,0x00,0x00,0x00,0x00,0x00,0x00,0x00,0x00,0x00,0x00,0x00,0x00,0x00,0x00,0x00,
	0x00,0x00,0x00,0x00,0x00,0x00,0x00,0x00,0x00,0x00,0x00,0x00,0x00,0x00,0x00,0x00,
	0x00,0x00,0x00,0x00,0x00,0x00,0x00,0x00,0x00,0x00,0x00,0x00,0x00,0x00,0x00,0x00,
	0x00,0x00,0x00,0x00,0x00,0x00,0x00,0x00,0x00,0x00,0x00,0x00,0x00,0x00,0x00,0x00,
	0x00,0x00,0x00,0x00,0x00,0x00,0x00,0x00,0x00,0x00,0x00,0x00,0x00,0x00,0x00,0x00,
	0x00,0x00,0x00,0x00,0x00,0x00,0x00,0x00,0x00,0x00,0x00,0x00,0x00,0x00,0x00,0x00,
	0xd8,0x6c,0xb2,0xff,0xec,0x90,0xcf,0xff,0xc2,0x8f,0xad,0xff,0x71,0x53,0x65,0xff,
	0x19,0x12,0x16,0xff,0x00,0x00,0x01,0xff,0x14,0x16,0x24,0xff,0x4a,0x50,0x78,0xff,
	0x76,0x7e,0xbc,0xff,0x78,0x80,0xbf,0xff,0x76,0x7e,0xbd,0xff,0x76,0x7e,0xbd,0xff,
	0x76,0x7e,0xbd,0xff,0x76,0x7e,0xbd,0xff,0x76,0x7e,0xbd,0xff,0x76,0x7e,0xbd,0xff,
	0x76,0x7e,0xbd,0xff,0x65,0x6d,0xa4,0xff,0x15,0x17,0x22,0xff,0x00,0x00,0x00,0xff,
	0x5c,0x42,0x33,0xff,0xb7,0x86,0x69,0xff,0xdd,0xa3,0x7f,0xff,0xd9,0xa0,0x7d,0xff,
	0xd9,0xa0,0x7d,0xff,0xd9,0xa0,0x7d,0xff,0xd9,0xa0,0x7d,0xff,0xd9,0xa0,0x7d,0xff,
	0xd9,0xa0,0x7d,0xff,0xd9,0xa0,0x7d,0xff,0xd9,0xa0,0x7d,0xff,0xd9,0xa0,0x7d,0xff,
	0xd9,0xa0,0x7d,0xff,0xd9,0xa0,0x7d,0xff,0xd9,0xa0,0x7d,0xff,0xd9,0xa0,0x7d,0xff,
	0xd9,0xa0,0x7d,0xff,0xd9,0xa0,0x7d,0xff,0xd9,0xa0,0x7d,0xff,0xd9,0xa0,0x7d,0xff,
	0xdd,0xa3,0x7f,0xff,0xbd,0x8c,0x6d,0xff,0x64,0x49,0x38,0xff,0x01,0x00,0x00,0xff,
	0x1c,0x14,0x1b,0xff,0xa9,0x7c,0xa3,0xff,0xc9,0x93,0xc1,0xff,0xca,0x94,0xc2,0xff,
	0xca,0x94,0xc2,0xff,0xca,0x94,0xc2,0xff,0xca,0x94,0xc2,0xff,0xca,0x94,0xc2,0xff,
	0xca,0x94,0xc2,0xff,0xcc,0x96,0xc4,0xff,0xcb,0x95,0xc3,0xff,0x88,0x63,0x82,0xff,
	0x2b,0x1e,0x2a,0xff,0x01,0x01,0x01,0xff,0x0f,0x0b,0x0e,0xff,0x55,0x3f,0x4c,0xff,
	0xb0,0x81,0x9d,0xff,0xe6,0x8c,0xc9,0xff,0xd7,0x6c,0xb1,0xff,0xff,0x00,0xff,0xff,
	0x00,0x00,0x00,0x00,0x00,0x00,0x00,0x00,0x00,0x00,0x00,0x00,0x00,0x00,0x00,0x00,
	0x00,0x00,0x00,0x00,0x00,0x00,0x00,0x00,0x00,0x00,0x00,0x00,0x00,0x00,0x00,0x00,
	0x00,0x00,0x00,0x00,0x00,0x00,0x00,0x00,0x00,0x00,0x00,0x00,0x00,0x00,0x00,0x00,
	0x00,0x00,0x00,0x00,0x00,0x00,0x00,0x00,0x00,0x00,0x00,0x00,0x00,0x00,0x00,0x00,
	0x00,0x00,0x00,0x00,0x00,0x00,0x00,0x00,0x00,0x00,0x00,0x00,0x00,0x00,0x00,0x00,
	0x00,0x00,0x00,0x00,0x00,0x00,0x00,0x00,0x00,0x00,0x00,0x00,0x00,0x00,0x00,0x00,
	0x00,0x00,0x00,0x00,0x00,0x00,0x00,0x00,0x00,0x00,0x00,0x00,0x00,0x00,0x00,0x00,
	0x00,0x00,0x00,0x00,0x00,0x00,0x00,0x00,0x00,0x00,0x00,0x00,0x00,0x00,0x00,0x00,
	0x00,0x00,0x00,0x00,0x00,0x00,0x00,0x00,0x00,0x00,0x00,0x00,0x00,0x00,0x00,0x00,
	0x00,0x00,0x00,0x00,0x00,0x00,0x00,0x00,0x00,0x00,0x00,0x00,0x00,0x00,0x00,0x00,
	0x00,0x00,0x00,0x00,0x00,0x00,0x00,0x00,0x00,0x00,0x00,0x00,0x00,0x00,0x00,0x00,
	0x00,0x00,0x00,0x00,0x00,0x00,0x00,0x00,0x00,0x00,0x00,0x00,0x00,0x00,0x00,0x00,
	0x00,0x00,0x00,0x00,0x00,0x00,0x00,0x00,0x00,0x00,0x00,0x00,0x00,0x00,0x00,0x00,
	0x00,0x00,0x00,0x00,0x00,0x00,0x00,0x00,0x00,0x00,0x00,0x00,0x00,0x00,0x00,0x00,
	0x00,0x00,0x00,0x00,0x00,0x00,0x00,0x00,0x00,0x00,0x00,0x00,0x00,0x00,0x00,0x00,
	0x00,0x00,0x00,0x00,0x00,0x00,0x00,0x00,0x00,0x00,0x00,0x00,0x00,0x00,0x00,0x00,
	0xd9,0x6d,0xb3,0xff,0xf6,0x96,0xd7,0xff,0xe1,0xa6,0xc9,0xff,0xa9,0x7c,0x97,0xff,
	0x4c,0x38,0x44,0xff,0x0b,0x08,0x0a,0xff,0x01,0x01,0x02,0xff,0x1a,0x1c,0x2d,0xff,
	0x4c,0x51,0x7a,0xff,0x72,0x7a,0xb6,0xff,0x79,0x81,0xc2,0xff,0x77,0x7f,0xbe,0xff,
	0x76,0x7e,0xbd,0xff,0x76,0x7e,0xbd,0xff,0x76,0x7e,0xbd,0xff,0x76,0x7e,0xbd,0xff,
	0x75,0x7d,0xbb,0xff,0x5f,0x66,0x99,0xff,0x09,0x0a,0x10,0xff,0x02,0x02,0x02,0xff,
	0x70,0x51,0x3e,0xff,0xc7,0x93,0x73,0xff,0xdb,0xa2,0x7e,0xff,0xd9,0xa0,0x7d,0xff,
	0xd9,0xa0,0x7d,0xff,0xd9,0xa0,0x7d,0xff,0xd9,0xa0,0x7d,0xff,0xd9,0xa0,0x7d,0xff,
	0xd9,0xa0,0x7d,0xff,0xd9,0xa0,0x7d,0xff,0xd9,0xa0,0x7d,0xff,0xd9,0xa0,0x7d,0xff,
	0xd9,0xa0,0x7d,0xff,0xd9,0xa0,0x7d,0xff,0xd9,0xa0,0x7d,0xff,0xd9,0xa0,0x7d,0xff,
	0xd9,0xa0,0x7d,0xff,0xd9,0xa0,0x7d,0xff,0xd9,0xa0,0x7d,0xff,0xd9,0xa0,0x7d,0xff,
	0xdb,0xa2,0x7e,0xff,0xcd,0x97,0x76,0xff,0x77,0x57,0x43,0xff,0x06,0x03,0x02,0xff,
	0x0a,0x06,0x0a,0xff,0x9d,0x72,0x97,0xff,0xc7,0x92,0xbf,0xff,0xcb,0x95,0xc3,0xff,
	0xca,0x94,0xc2,0xff,0xca,0x94,0xc2,0xff,0xca,0x94,0xc2,0xff,0xcb,0x95,0xc3,0xff,
	0xcf,0x98,0xc6,0xff,0xc6,0x90,0xbe,0xff,0x88,0x63,0x83,0xff,0x37,0x27,0x35,0xff,
	0x06,0x03,0x05,0xff,0x08,0x06,0x07,0xff,0x3e,0x2d,0x37,0xff,0x91,0x6b,0x82,0xff,
	0xd2,0x9b,0xbb,0xff,0xf2,0x93,0xd4,0xff,0xd8,0x6c,0xb2,0xff,0xff,0x00,0xff,0xff,
	0x00,0x00,0x00,0x00,0x00,0x00,0x00,0x00,0x00,0x00,0x00,0x00,0x00,0x00,0x00,0x00,
	0x00,0x00,0x00,0x00,0x00,0x00,0x00,0x00,0x00,0x00,0x00,0x00,0x00,0x00,0x00,0x00,
	0x00,0x00,0x00,0x00,0x00,0x00,0x00,0x00,0x00,0x00,0x00,0x00,0x00,0x00,0x00,0x00,
	0x00,0x00,0x00,0x00,0x00,0x00,0x00,0x00,0x00,0x00,0x00,0x00,0x00,0x00,0x00,0x00,
	0x00,0x00,0x00,0x00,0x00,0x00,0x00,0x00,0x00,0x00,0x00,0x00,0x00,0x00,0x00,0x00,
	0x00,0x00,0x00,0x00,0x00,0x00,0x00,0x00,0x00,0x00,0x00,0x00,0x00,0x00,0x00,0x00,
	0x00,0x00,0x00,0x00,0x00,0x00,0x00,0x00,0x00,0x00,0x00,0x00,0x00,0x00,0x00,0x00,
	0x00,0x00,0x00,0x00,0x00,0x00,0x00,0x00,0x00,0x00,0x00,0x00,0x00,0x00,0x00,0x00,
	0x00,0x00,0x00,0x00,0x00,0x00,0x00,0x00,0x00,0x00,0x00,0x00,0x00,0x00,0x00,0x00,
	0x00,0x00,0x00,0x00,0x00,0x00,0x00,0x00,0x00,0x00,0x00,0x00,0x00,0x00,0x00,0x00,
	0x00,0x00,0x00,0x00,0x00,0x00,0x00,0x00,0x00,0x00,0x00,0x00,0x00,0x00,0x00,0x00,
	0x00,0x00,0x00,0x00,0x00,0x00,0x00,0x00,0x00,0x00,0x00,0x00,0x00,0x00,0x00,0x00,
	0x00,0x00,0x00,0x00,0x00,0x00,0x00,0x00,0x00,0x00,0x00,0x00,0x00,0x00,0x00,0x00,
	0x00,0x00,0x00,0x00,0x00,0x00,0x00,0x00,0x00,0x00,0x00,0x00,0x00,0x00,0x00,0x00,
	0x00,0x00,0x00,0x00,0x00,0x00,0x00,0x00,0x00,0x00,0x00,0x00,0x00,0x00,0x00,0x00,
	0x00,0x00,0x00,0x00,0x00,0x00,0x00,0x00,0x00,0x00,0x00,0x00,0x00,0x00,0x00,0x00,
	0xd9,0x6d,0xb3,0xff,0xfa,0x98,0xdb,0xff,0xf2,0xb2,0xd8,0xff,0xd2,0x9b,0xbb,0xff,
	0x8f,0x69,0x80,0xff,0x3a,0x2a,0x33,0xff,0x08,0x06,0x07,0xff,0x01,0x02,0x03,0xff,
	0x17,0x1a,0x2a,0xff,0x40,0x45,0x69,0xff,0x61,0x68,0x9c,0xff,0x77,0x7f,0xbe,0xff,
	0x7a,0x81,0xc2,0xff,0x78,0x80,0xc0,0xff,0x77,0x7f,0xbe,0xff,0x77,0x7f,0xbe,0xff,
	0x75,0x7d,0xbb,0xff,0x5c,0x63,0x95,0xff,0x05,0x06,0x09,0xff,0x06,0x04,0x02,0xff,
	0x78,0x57,0x44,0xff,0xce,0x98,0x77,0xff,0xdb,0xa1,0x7e,0xff,0xd9,0xa0,0x7d,0xff,
	0xd9,0xa0,0x7d,0xff,0xd9,0xa0,0x7d,0xff,0xd9,0xa0,0x7d,0xff,0xd9,0xa0,0x7d,0xff,
	0xd9,0xa0,0x7d,0xff,0xd9,0xa0,0x7d,0xff,0xd9,0xa0,0x7d,0xff,0xd9,0xa0,0x7d,0xff,
	0xd9,0xa0,0x7d,0xff,0xd9,0xa0,0x7d,0xff,0xd9,0xa0,0x7d,0xff,0xd9,0xa0,0x7d,0xff,
	0xd9,0xa0,0x7d,0xff,0xd9,0xa0,0x7d,0xff,0xd9,0xa0,0x7d,0xff,0xd9,0xa0,0x7d,0xff,
	0xda,0xa1,0x7e,0xff,0xd3,0x9b,0x79,0xff,0x7e,0x5c,0x47,0xff,0x0a,0x06,0x05,0xff,
	0x04,0x03,0x04,0xff,0x97,0x6e,0x91,0xff,0xc7,0x92,0xbf,0xff,0xcc,0x95,0xc4,0xff,
	0xcb,0x95,0xc3,0xff,0xcd,0x96,0xc5,0xff,0xcf,0x98,0xc7,0xff,0xcc,0x96,0xc4,0xff,
	0xab,0x7d,0xa4,0xff,0x74,0x54,0x6f,0xff,0x31,0x22,0x2f,0xff,0x05,0x02,0x05,0xff,
	0x08,0x06,0x07,0xff,0x37,0x28,0x31,0xff,0x85,0x62,0x77,0xff,0xc6,0x92,0xb1,0xff,
	0xeb,0xad,0xd1,0xff,0xf9,0x97,0xda,0xff,0xd9,0x6d,0xb3,0xff,0xff,0x00,0xff,0xff,
	0x00,0x00,0x00,0x00,0x00,0x00,0x00,0x00,0x00,0x00,0x00,0x00,0x00,0x00,0x00,0x00,
	0x00,0x00,0x00,0x00,0x00,0x00,0x00,0x00,0x00,0x00,0x00,0x00,0x00,0x00,0x00,0x00,
	0x00,0x00,0x00,0x00,0x00,0x00,0x00,0x00,0x00,0x00,0x00,0x00,0x00,0x00,0x00,0x00,
	0x00,0x00,0x00,0x00,0x00,0x00,0x00,0x00,0x00,0x00,0x00,0x00,0x00,0x00,0x00,0x00,
	0x00,0x00,0x00,0x00,0x00,0x00,0x00,0x00,0x00,0x00,0x00,0x00,0x00,0x00,0x00,0x00,
	0x00,0x00,0x00,0x00,0x00,0x00,0x00,0x00,0x00,0x00,0x00,0x00,0x00,0x00,0x00,0x00,
	0x00,0x00,0x00,0x00,0x00,0x00,0x00,0x00,0x00,0x00,0x00,0x00,0x00,0x00,0x00,0x00,
	0x00,0x00,0x00,0x00,0x00,0x00,0x00,0x00,0x00,0x00,0x00,0x00,0x00,0x00,0x00,0x00,
	0x00,0x00,0x00,0x00,0x00,0x00,0x00,0x00,0x00,0x00,0x00,0x00,0x00,0x00,0x00,0x00,
	0x00,0x00,0x00,0x00,0x00,0x00,0x00,0x00,0x00,0x00,0x00,0x00,0x00,0x00,0x00,0x00,
	0x00,0x00,0x00,0x00,0x00,0x00,0x00,0x00,0x00,0x00,0x00,0x00,0x00,0x00,0x00,0x00,
	0x00,0x00,0x00,0x00,0x00,0x00,0x00,0x00,0x00,0x00,0x00,0x00,0x00,0x00,0x00,0x00,
	0x00,0x00,0x00,0x00,0x00,0x00,0x00,0x00,0x00,0x00,0x00,0x00,0x00,0x00,0x00,0x00,
	0x00,0x00,0x00,0x00,0x00,0x00,0x00,0x00,0x00,0x00,0x00,0x00,0x00,0x00,0x00,0x00,
	0x00,0x00,0x00,0x00,0x00,0x00,0x00,0x00,0x00,0x00,0x00,0x00,0x00,0x00,0x00,0x00,
	0x00,0x00,0x00,0x00,0x00,0x00,0x00,0x00,0x00,0x00,0x00,0x00,0x00,0x00,0x00,0x00,
	0xd9,0x6d,0xb3,0xff,0xfb,0x99,0xdc,0xff,0xf9,0xb7,0xde,0xff,0xeb,0xad,0xd1,0xff,
	0xc6,0x92,0xb1,0xff,0x84,0x61,0x76,0xff,0x39,0x2a,0x32,0xff,0x0a,0x07,0x09,0xff,
	0x00,0x00,0x01,0xff,0x0b,0x0d,0x17,0xff,0x2a,0x2d,0x47,0xff,0x43,0x48,0x6d,0xff,
	0x58,0x5e,0x8e,0xff,0x69,0x70,0xa8,0xff,0x71,0x79,0xb5,0xff,0x74,0x7c,0xba,0xff,
	0x72,0x79,0xb6,0xff,0x58,0x5d,0x8d,0xff,0x05,0x06,0x09,0xff,0x05,0x03,0x02,0xff,
	0x77,0x56,0x43,0xff,0xcd,0x97,0x76,0xff,0xdb,0xa1,0x7e,0xff,0xd9,0xa0,0x7d,0xff,
	0xd9,0xa0,0x7d,0xff,0xd9,0xa0,0x7d,0xff,0xd9,0xa0,0x7d,0xff,0xd9,0xa0,0x7d,0xff,
	0xd9,0xa0,0x7d,0xff,0xd9,0xa0,0x7d,0xff,0xd9,0xa0,0x7d,0xff,0xd9,0xa0,0x7d,0xff,
	0xd9,0xa0,0x7d,0xff,0xd9,0xa0,0x7d,0xff,0xd9,0xa0,0x7d,0xff,0xd9,0xa0,0x7d,0xff,
	0xd9,0xa0,0x7d,0xff,0xd9,0xa0,0x7d,0xff,0xd9,0xa0,0x7d,0xff,0xd9,0xa0,0x7d,0xff,
	0xda,0xa1,0x7e,0xff,0xd2,0x9b,0x79,0xff,0x7d,0x5b,0x46,0xff,0x09,0x06,0x04,0xff,
	0x05,0x03,0x05,0xff,0x8f,0x68,0x89,0xff,0xc1,0x8d,0xb9,0xff,0xc7,0x92,0xbf,0xff,
	0xc2,0x8e,0xbb,0xff,0xb4,0x85,0xae,0xff,0x9a,0x71,0x94,0xff,0x77,0x57,0x72,0xff,
	0x4f,0x39,0x4c,0xff,0x1d,0x13,0x1b,0xff,0x02,0x01,0x02,0xff,0x0b,0x08,0x0a,0xff,
	0x3a,0x2a,0x33,0xff,0x83,0x61,0x75,0xff,0xc3,0x90,0xae,0xff,0xe8,0xab,0xcf,0xff,
	0xf7,0xb6,0xdc,0xff,0xfb,0x99,0xdc,0xff,0xd9,0x6d,0xb3,0xff,0xff,0x00,0xff,0xff,
	0x00,0x00,0x00,0x00,0x00,0x00,0x00,0x00,0x00,0x00,0x00,0x00,0x00,0x00,0x00,0x00,
	0x00,0x00,0x00,0x00,0x00,0x00,0x00,0x00,0x00,0x00,0x00,0x00,0x00,0x00,0x00,0x00,
	0x00,0x00,0x00,0x00,0x00,0x00,0x00,0x00,0x00,0x00,0x00,0x00,0x00,0x00,0x00,0x00,
	0x00,0x00,0x00,0x00,0x00,0x00,0x00,0x00,0x00,0x00,0x00,0x00,0x00,0x00,0x00,0x00,
	0x00,0x00,0x00,0x00,0x00,0x00,0x00,0x00,0x00,0x00,0x00,0x00,0x00,0x00,0x00,0x00,
	0x00,0x00,0x00,0x00,0x00,0x00,0x00,0x00,0x00,0x00,0x00,0x00,0x00,0x00,0x00,0x00,
	0x00,0x00,0x00,0x00,0x00,0x00,0x00,0x00,0x00,0x00,0x00,0x00,0x00,0x00,0x00,0x00,
	0x00,0x00,0x00,0x00,0x00,0x00,0x00,0x00,0x00,0x00,0x00,0x00,0x00,0x00,0x00,0x00,
	0x00,0x00,0x00,0x00,0x00,0x00,0x00,0x00,0x00,0x00,0x00,0x00,0x00,0x00,0x00,0x00,
	0x00,0x00,0x00,0x00,0x00,0x00,0x00,0x00,0x00,0x00,0x00,0x00,0x00,0x00,0x00,0x00,
	0x00,0x00,0x00,0x00,0x00,0x00,0x00,0x00,0x00,0x00,0x00,0x00,0x00,0x00,0x00,0x00,
	0x00,0x00,0x00,0x00,0x00,0x00,0x00,0x00,0x00,0x00,0x00,0x00,0x00,0x00,0x00,0x00,
	0x00,0x00,0x00,0x00,0x00,0x00,0x00,0x00,0x00,0x00,0x00,0x00,0x00,0x00,0x00,0x00,
	0x00,0x00,0x00,0x00,0x00,0x00,0x00,0x00,0x00,0x00,0x00,0x00,0x00,0x00,0x00,0x00,
	0x00,0x00,0x00,0x00,0x00,0x00,0x00,0x00,0x00,0x00,0x00,0x00,0x00,0x00,0x00,0x00,
	0x00,0x00,0x00,0x00,0x00,0x00,0x00,0x00,0x00,0x00,0x00,0x00,0x00,0x00,0x00,0x00,
	0xd9,0x6d,0xb3,0xff,0xfb,0x99,0xdc,0xff,0xfb,0xb9,0xe0,0xff,0xf7,0xb6,0xdc,0xff,
	0xe9,0xab,0xd0,0xff,0xc4,0x91,0xaf,0xff,0x87,0x64,0x79,0xff,0x44,0x32,0x3d,0xff,
	0x16,0x10,0x14,0xff,0x03,0x02,0x03,0xff,0x01,0x01,0x02,0xff,0x0c,0x0d,0x18,0xff,
	0x20,0x23,0x37,0xff,0x2e,0x32,0x4e,0xff,0x36,0x3a,0x5a,0xff,0x3a,0x3e,0x5f,0xff,
	0x38,0x3c,0x5c,0xff,0x29,0x2c,0x44,0xff,0x02,0x02,0x02,0xff,0x01,0x01,0x00,0xff,
	0x6c,0x4e,0x3c,0xff,0xc4,0x90,0x71,0xff,0xdc,0xa2,0x7f,0xff,0xd9,0xa0,0x7d,0xff,
	0xd9,0xa0,0x7d,0xff,0xd9,0xa0,0x7d,0xff,0xd9,0xa0,0x7d,0xff,0xd9,0xa0,0x7d,0xff,
	0xd9,0xa0,0x7d,0xff,0xd9,0xa0,0x7d,0xff,0xd9,0xa0,0x7d,0xff,0xd9,0xa0,0x7d,0xff,
	0xd9,0xa0,0x7d,0xff,0xd9,0xa0,0x7d,0xff,0xd9,0xa0,0x7d,0xff,0xd9,0xa0,0x7d,0xff,
	0xd9,0xa0,0x7d,0xff,0xd9,0xa0,0x7d,0xff,0xd9,0xa0,0x7d,0xff,0xd9,0xa0,0x7d,0xff,
	0xdb,0xa2,0x7e,0xff,0xc9,0x94,0x74,0xff,0x73,0x53,0x40,0xff,0x03,0x02,0x02,0xff,
	0x01,0x00,0x01,0xff,0x46,0x31,0x43,0xff,0x62,0x46,0x5e,0xff,0x66,0x49,0x61,0xff,
	0x60,0x46,0x5d,0xff,0x54,0x3d,0x51,0xff,0x3e,0x2b,0x3b,0xff,0x1e,0x14,0x1c,0xff,
	0x03,0x02,0x03,0xff,0x04,0x03,0x04,0xff,0x1c,0x15,0x19,0xff,0x4d,0x39,0x45,0xff,
	0x8d,0x68,0x7e,0xff,0xc5,0x91,0xb0,0xff,0xe8,0xab,0xcf,0xff,0xf7,0xb6,0xdc,0xff,
	0xfb,0xb9,0xe0,0xff,0xfb,0x99,0xdc,0xff,0xd9,0x6d,0xb3,0xff,0xff,0x00,0xff,0xff,
	0x00,0x00,0x00,0x00,0x00,0x00,0x00,0x00,0x00,0x00,0x00,0x00,0x00,0x00,0x00,0x00,
	0x00,0x00,0x00,0x00,0x00,0x00,0x00,0x00,0x00,0x00,0x00,0x00,0x00,0x00,0x00,0x00,
	0x00,0x00,0x00,0x00,0x00,0x00,0x00,0x00,0x00,0x00,0x00,0x00,0x00,0x00,0x00,0x00,
	0x00,0x00,0x00,0x00,0x00,0x00,0x00,0x00,0x00,0x00,0x00,0x00,0x00,0x00,0x00,0x00,
	0x00,0x00,0x00,0x00,0x00,0x00,0x00,0x00,0x00,0x00,0x00,0x00,0x00,0x00,0x00,0x00,
	0x00,0x00,0x00,0x00,0x00,0x00,0x00,0x00,0x00,0x00,0x00,0x00,0x00,0x00,0x00,0x00,
	0x00,0x00,0x00,0x00,0x00,0x00,0x00,0x00,0x00,0x00,0x00,0x00,0x00,0x00,0x00,0x00,
	0x00,0x00,0x00,0x00,0x00,0x00,0x00,0x00,0x00,0x00,0x00,0x00,0x00,0x00,0x00,0x00,
	0x00,0x00,0x00,0x00,0x00,0x00,0x00,0x00,0x00,0x00,0x00,0x00,0x00,0x00,0x00,0x00,
	0x00,0x00,0x00,0x00,0x00,0x00,0x00,0x00,0x00,0x00,0x00,0x00,0x00,0x00,0x00,0x00,
	0x00,0x00,0x00,0x00,0x00,0x00,0x00,0x00,0x00,0x00,0x00,0x00,0x00,0x00,0x00,0x00,
	0x00,0x00,0x00,0x00,0x00,0x00,0x00,0x00,0x00,0x00,0x00,0x00,0x00,0x00,0x00,0x00,
	0x00,0x00,0x00,0x00,0x00,0x00,0x00,0x00,0x00,0x00,0x00,0x00,0x00,0x00,0x00,0x00,
	0x00,0x00,0x00,0x00,0x00,0x00,0x00,0x00,0x00,0x00,0x00,0x00,0x00,0x00,0x00,0x00,
	0x00,0x00,0x00,0x00,0x00,0x00,0x00,0x00,0x00,0x00,0x00,0x00,0x00,0x00,0x00,0x00,
	0x00,0x00,0x00,0x00,0x00,0x00,0x00,0x00,0x00,0x00,0x00,0x00,0x00,0x00,0x00,0x00,
	0xd9,0x6d,0xb3,0xff,0xfb,0x99,0xdc,0xff,0xfb,0xb9,0xe0,0xff,0xfb,0xb9,0xe0,0xff,
	0xf7,0xb6,0xdc,0xff,0xe9,0xab,0xd0,0xff,0xca,0x95,0xb4,0xff,0x9d,0x74,0x8c,0xff,
	0x6b,0x4f,0x5f,0xff,0x38,0x29,0x32,0xff,0x16,0x10,0x14,0xff,0x06,0x05,0x06,0xff,
	0x01,0x01,0x01,0xff,0x00,0x00,0x01,0xff,0x02,0x02,0x05,0xff,0x04,0x05,0x09,0xff,
	0x03,0x04,0x07,0xff,0x02,0x02,0x02,0xff,0x00,0x00,0x00,0xff,0x00,0x00,0x00,0xff,
	0x53,0x3b,0x2d,0xff,0xb0,0x81,0x65,0xff,0xde,0xa4,0x80,0xff,0xd9,0xa0,0x7d,0xff,
	0xd9,0xa0,0x7d,0xff,0xd9,0xa0,0x7d,0xff,0xd9,0xa0,0x7d,0xff,0xd9,0xa0,0x7d,0xff,
	0xd9,0xa0,0x7d,0xff,0xd9,0xa0,0x7d,0xff,0xd9,0xa0,0x7d,0xff,0xd9,0xa0,0x7d,0xff,
	0xd9,0xa0,0x7d,0xff,0xd9,0xa0,0x7d,0xff,0xd9,0xa0,0x7d,0xff,0xd9,0xa0,0x7d,0xff,
	0xd9,0xa0,0x7d,0xff,0xd9,0xa0,0x7d,0xff,0xd9,0xa0,0x7d,0xff,0xd9,0xa0,0x7d,0xff,
	0xde,0xa4,0x80,0xff,0xb6,0x86,0x69,0xff,0x5b,0x42,0x32,0xff,0x00,0x00,0x00,0xff,
	0x00,0x00,0x00,0xff,0x02,0x02,0x02,0xff,0x08,0x05,0x07,0xff,0x0a,0x06,0x09,0xff,
	0x06,0x03,0x06,0xff,0x02,0x01,0x02,0xff,0x01,0x01,0x01,0xff,0x04,0x03,0x04,0xff,
	0x12,0x0d,0x10,0xff,0x38,0x29,0x32,0xff,0x72,0x54,0x65,0xff,0xa8,0x7c,0x96,0xff,
	0xd0,0x99,0xba,0xff,0xea,0xac,0xd1,0xff,0xf7,0xb6,0xdc,0xff,0xfb,0xb9,0xe0,0xff,
	0xfb,0xb9,0xe0,0xff,0xfb,0x99,0xdc,0xff,0xd9,0x6d,0xb3,0xff,0xff,0x00,0xff,0xff,
	0x00,0x00,0x00,0x00,0x00,0x00,0x00,0x00,0x00,0x00,0x00,0x00,0x00,0x00,0x00,0x00,
	0x00,0x00,0x00,0x00,0x00,0x00,0x00,0x00,0x00,0x00,0x00,0x00,0x00,0x00,0x00,0x00,
	0x00,0x00,0x00,0x00,0x00,0x00,0x00,0x00,0x00,0x00,0x00,0x00,0x00,0x00,0x00,0x00,
	0x00,0x00,0x00,0x00,0x00,0x00,0x00,0x00,0x00,0x00,0x00,0x00,0x00,0x00,0x00,0x00,
	0x00,0x00,0x00,0x00,0x00,0x00,0x00,0x00,0x00,0x00,0x00,0x00,0x00,0x00,0x00,0x00,
	0x00,0x00,0x00,0x00,0x00,0x00,0x00,0x00,0x00,0x00,0x00,0x00,0x00,0x00,0x00,0x00,
	0x00,0x00,0x00,0x00,0x00,0x00,0x00,0x00,0x00,0x00,0x00,0x00,0x00,0x00,0x00,0x00,
	0x00,0x00,0x00,0x00,0x00,0x00,0x00,0x00,0x00,0x00,0x00,0x00,0x00,0x00,0x00,0x00,
	0x00,0x00,0x00,0x00,0x00,0x00,0x00,0x00,0x00,0x00,0x00,0x00,0x00,0x00,0x00,0x00,
	0x00,0x00,0x00,0x00,0x00,0x00,0x00,0x00,0x00,0x00,0x00,0x00,0x00,0x00,0x00,0x00,
	0x00,0x00,0x00,0x00,0x00,0x00,0x00,0x00,0x00,0x00,0x00,0x00,0x00,0x00,0x00,0x00,
	0x00,0x00,0x00,0x00,0x00,0x00,0x00,0x00,0x00,0x00,0x00,0x00,0x00,0x00,0x00,0x00,
	0x00,0x00,0x00,0x00,0x00,0x00,0x00,0x00,0x00,0x00,0x00,0x00,0x00,0x00,0x00,0x00,
	0x00,0x00,0x00,0x00,0x00,0x00,0x00,0x00,0x00,0x00,0x00,0x00,0x00,0x00,0x00,0x00,
	0x00,0x00,0x00,0x00,0x00,0x00,0x00,0x00,0x00,0x00,0x00,0x00,0x00,0x00,0x00,0x00,
	0x00,0x00,0x00,0x00,0x00,0x00,0x00,0x00,0x00,0x00,0x00,0x00,0x00,0x00,0x00,0x00,
	0xd9,0x6d,0xb3,0xff,0xfb,0x99,0xdc,0xff,0xfb,0xb9,0xe0,0xff,0xfb,0xb9,0xe0,0xff,
	0xfb,0xb9,0xe0,0xff,0xf7,0xb6,0xdc,0xff,0xee,0xaf,0xd4,0xff,0xdd,0xa3,0xc5,0xff,
	0xc0,0x8e,0xac,0xff,0x9b,0x72,0x8a,0xff,0x74,0x55,0x67,0xff,0x4c,0x38,0x44,0xff,
	0x2e,0x22,0x29,0xff,0x1a,0x13,0x17,0xff,0x0f,0x0b,0x0e,0xff,0x09,0x07,0x08,0xff,
	0x06,0x05,0x06,0xff,0x05,0x04,0x05,0xff,0x03,0x02,0x03,0xff,0x00,0x00,0x00,0xff,
	0x2c,0x1f,0x17,0xff,0x94,0x6c,0x54,0xff,0xdc,0xa2,0x7f,0xff,0xd9,0xa0,0x7d,0xff,
	0xd9,0xa0,0x7d,0xff,0xd9,0xa0,0x7d,0xff,0xd9,0xa0,0x7d,0xff,0xd9,0xa0,0x7d,0xff,
	0xd9,0xa0,0x7d,0xff,0xd9,0xa0,0x7d,0xff,0xd9,0xa0,0x7d,0xff,0xd9,0xa0,0x7d,0xff,
	0xd9,0xa0,0x7d,0xff,0xd9,0xa0,0x7d,0xff,0xd9,0xa0,0x7d,0xff,0xd9,0xa0,0x7d,0xff,
	0xd9,0xa0,0x7d,0xff,0xd9,0xa0,0x7d,0xff,0xd9,0xa0,0x7d,0xff,0xd9,0xa0,0x7d,0xff,
	0xdd,0xa3,0x80,0xff,0x9a,0x71,0x58,0xff,0x34,0x25,0x1b,0xff,0x00,0x00,0x00,0xff,
	0x08,0x06,0x07,0xff,0x0f,0x0b,0x0e,0xff,0x0e,0x0a,0x0d,0xff,0x0c,0x09,0x0b,0xff,
	0x0e,0x0a,0x0d,0xff,0x17,0x11,0x15,0xff,0x29,0x1e,0x24,0xff,0x40,0x2f,0x39,0xff,
	0x63,0x49,0x58,0xff,0x92,0x6c,0x82,0xff,0xc1,0x8e,0xad,0xff,0xe1,0xa6,0xc9,0xff,
	0xf1,0xb1,0xd7,0xff,0xf8,0xb6,0xdd,0xff,0xfb,0xb9,0xe0,0xff,0xfb,0xb9,0xe0,0xff,
	0xfb,0xb9,0xe0,0xff,0xfb,0x99,0xdc,0xff,0xd9,0x6d,0xb3,0xff,0xff,0x00,0xff,0xff,
	0x00,0x00,0x00,0x00,0x00,0x00,0x00,0x00,0x00,0x00,0x00,0x00,0x00,0x00,0x00,0x00,
	0x00,0x00,0x00,0x00,0x00,0x00,0x00,0x00,0x00,0x00,0x00,0x00,0x00,0x00,0x00,0x00,
	0x00,0x00,0x00,0x00,0x00,0x00,0x00,0x00,0x00,0x00,0x00,0x00,0x00,0x00,0x00,0x00,
	0x00,0x00,0x00,0x00,0x00,0x00,0x00,0x00,0x00,0x00,0x00,0x00,0x00,0x00,0x00,0x00,
	0x00,0x00,0x00,0x00,0x00,0x00,0x00,0x00,0x00,0x00,0x00,0x00,0x00,0x00,0x00,0x00,
	0x00,0x00,0x00,0x00,0x00,0x00,0x00,0x00,0x00,0x00,0x00,0x00,0x00,0x00,0x00,0x00,
	0x00,0x00,0x00,0x00,0x00,0x00,0x00,0x00,0x00,0x00,0x00,0x00,0x00,0x00,0x00,0x00,
	0x00,0x00,0x00,0x00,0x00,0x00,0x00,0x00,0x00,0x00,0x00,0x00,0x00,0x00,0x00,0x00,
	0x00,0x00,0x00,0x00,0x00,0x00,0x00,0x00,0x00,0x00,0x00,0x00,0x00,0x00,0x00,0x00,
	0x00,0x00,0x00,0x00,0x00,0x00,0x00,0x00,0x00,0x00,0x00,0x00,0x00,0x00,0x00,0x00,
	0x00,0x00,0x00,0x00,0x00,0x00,0x00,0x00,0x00,0x00,0x00,0x00,0x00,0x00,0x00,0x00,
	0x00,0x00,0x00,0x00,0x00,0x00,0x00,0x00,0x00,0x00,0x00,0x00,0x00,0x00,0x00,0x00,
	0x00,0x00,0x00,0x00,0x00,0x00,0x00,0x00,0x00,0x00,0x00,0x00,0x00,0x00,0x00,0x00,
	0x00,0x00,0x00,0x00,0x00,0x00,0x00,0x00,0x00,0x00,0x00,0x00,0x00,0x00,0x00,0x00,
	0x00,0x00,0x00,0x00,0x00,0x00,0x00,0x00,0x00,0x00,0x00,0x00,0x00,0x00,0x00,0x00,
	0x00,0x00,0x00,0x00,0x00,0x00,0x00,0x00,0x00,0x00,0x00,0x00,0x00,0x00,0x00,0x00,
	0xd9,0x6d,0xb3,0xff,0xfb,0x99,0xdc,0xff,0xfb,0xb9,0xe0,0xff,0xfb,0xb9,0xe0,0xff,
	0xfb,0xb9,0xe0,0xff,0xfb,0xb9,0xe0,0xff,0xf9,0xb7,0xde,0xff,0xf5,0xb4,0xda,0xff,
	0xec,0xae,0xd2,0xff,0xde,0xa3,0xc6,0xff,0xc9,0x94,0xb4,0xff,0xaf,0x81,0x9c,0xff,
	0x93,0x6c,0x83,0xff,0x79,0x59,0x6c,0xff,0x60,0x47,0x56,0xff,0x4c,0x38,0x44,0xff,
	0x3e,0x2e,0x38,0xff,0x31,0x24,0x2b,0xff,0x1c,0x15,0x19,0xff,0x05,0x04,0x05,0xff,
	0x07,0x04,0x02,0xff,0x6c,0x4f,0x3c,0xff,0xc2,0x8f,0x70,0xff,0xdd,0xa3,0x7f,0xff,
	0xd9,0xa0,0x7d,0xff,0xd9,0xa0,0x7d,0xff,0xd9,0xa0,0x7d,0xff,0xd9,0xa0,0x7d,0xff,
	0xd9,0xa0,0x7d,0xff,0xd9,0xa0,0x7d,0xff,0xd9,0xa0,0x7d,0xff,0xd9,0xa0,0x7d,0xff,
	0xd9,0xa0,0x7d,0xff,0xd9,0xa0,0x7d,0xff,0xd9,0xa0,0x7d,0xff,0xd9,0xa0,0x7d,0xff,
	0xd9,0xa0,0x7d,0xff,0xd9,0xa0,0x7d,0xff,0xd9,0xa0,0x7d,0xff,0xdc,0xa3,0x7f,0xff,
	0xc8,0x93,0x73,0xff,0x74,0x54,0x41,0xff,0x0d,0x07,0x05,0xff,0x07,0x05,0x07,0xff,
	0x2e,0x22,0x29,0xff,0x57,0x40,0x4e,0xff,0x5f,0x46,0x55,0xff,0x57,0x40,0x4e,0xff,
	0x5d,0x44,0x53,0xff,0x74,0x55,0x67,0xff,0x8e,0x69,0x7f,0xff,0xa4,0x79,0x92,0xff,
	0xbb,0x89,0xa6,0xff,0xd4,0x9c,0xbd,0xff,0xeb,0xad,0xd1,0xff,0xf6,0xb5,0xdb,0xff,
	0xfa,0xb8,0xdf,0xff,0xfb,0xb9,0xe0,0xff,0xfb,0xb9,0xe0,0xff,0xfb,0xb9,0xe0,0xff,
	0xfb,0xb9,0xe0,0xff,0xfb,0x99,0xdc,0xff,0xd9,0x6d,0xb3,0xff,0xff,0x00,0xff,0xff,
	0x00,0x00,0x00,0x00,0x00,0x00,0x00,0x00,0x00,0x00,0x00,0x00,0x00,0x00,0x00,0x00,
	0x00,0x00,0x00,0x00,0x00,0x00,0x00,0x00,0x00,0x00,0x00,0x00,0x00,0x00,0x00,0x00,
	0x00,0x00,0x00,0x00,0x00,0x00,0x00,0x00,0x00,0x00,0x00,0x00,0x00,0x00,0x00,0x00,
	0x00,0x00,0x00,0x00,0x00,0x00,0x00,0x00,0x00,0x00,0x00,0x00,0x00,0x00,0x00,0x00,
	0x00,0x00,0x00,0x00,0x00,0x00,0x00,0x00,0x00,0x00,0x00,0x00,0x00,0x00,0x00,0x00,
	0x00,0x00,0x00,0x00,0x00,0x00,0x00,0x00,0x00,0x00,0x00,0x00,0x00,0x00,0x00,0x00,
	0x00,0x00,0x00,0x00,0x00,0x00,0x00,0x00,0x00,0x00,0x00,0x00,0x00,0x00,0x00,0x00,
	0x00,0x00,0x00,0x00,0x00,0x00,0x00,0x00,0x00,0x00,0x00,0x00,0x00,0x00,0x00,0x00,
	0x00,0x00,0x00,0x00,0x00,0x00,0x00,0x00,0x00,0x00,0x00,0x00,0x00,0x00,0x00,0x00,
	0x00,0x00,0x00,0x00,0x00,0x00,0x00,0x00,0x00,0x00,0x00,0x00,0x00,0x00,0x00,0x00,
	0x00,0x00,0x00,0x00,0x00,0x00,0x00,0x00,0x00,0x00,0x00,0x00,0x00,0x00,0x00,0x00,
	0x00,0x00,0x00,0x00,0x00,0x00,0x00,0x00,0x00,0x00,0x00,0x00,0x00,0x00,0x00,0x00,
	0x00,0x00,0x00,0x00,0x00,0x00,0x00,0x00,0x00,0x00,0x00,0x00,0x00,0x00,0x00,0x00,
	0x00,0x00,0x00,0x00,0x00,0x00,0x00,0x00,0x00,0x00,0x00,0x00,0x00,0x00,0x00,0x00,
	0x00,0x00,0x00,0x00,0x00,0x00,0x00,0x00,0x00,0x00,0x00,0x00,0x00,0x00,0x00,0x00,
	0x00,0x00,0x00,0x00,0x00,0x00,0x00,0x00,0x00,0x00,0x00,0x00,0x00,0x00,0x00,0x00,
	0xd9,0x6d,0xb3,0xff,0xfb,0x99,0xdc,0xff,0xfb,0xb9,0xe0,0xff,0xfb,0xb9,0xe0,0xff,
	0xfb,0xb9,0xe0,0xff,0xfb,0xb9,0xe0,0xff,0xfb,0xb9,0xe0,0xff,0xfb,0xb9,0xe0,0xff,
	0xf9,0xb7,0xde,0xff,0xf6,0xb5,0xdb,0xff,0xf0,0xb1,0xd6,0xff,0xe8,0xab,0xcf,0xff,
	0xda,0xa1,0xc3,0xff,0xca,0x95,0xb4,0xff,0xba,0x89,0xa6,0xff,0xaa,0x7d,0x97,0xff,
	0x9a,0x71,0x89,0xff,0x82,0x60,0x74,0xff,0x55,0x3f,0x4c,0xff,0x1a,0x13,0x17,0xff,
	0x01,0x01,0x01,0xff,0x2f,0x21,0x18,0xff,0x94,0x6c,0x54,0xff,0xd9,0xa0,0x7d,0xff,
	0xdb,0xa1,0x7e,0xff,0xd9,0xa0,0x7d,0xff,0xd9,0xa0,0x7d,0xff,0xd9,0xa0,0x7d,0xff,
	0xd9,0xa0,0x7d,0xff,0xd9,0xa0,0x7d,0xff,0xd9,0xa0,0x7d,0xff,0xd9,0xa0,0x7d,0xff,
	0xd9,0xa0,0x7d,0xff,0xd9,0xa0,0x7d,0xff,0xd9,0xa0,0x7d,0xff,0xd9,0xa0,0x7d,0xff,
	0xd9,0xa0,0x7d,0xff,0xd9,0xa0,0x7d,0xff,0xda,0xa0,0x7d,0xff,0xdb,0xa1,0x7e,0xff,
	0x9a,0x71,0x58,0xff,0x36,0x26,0x1c,0xff,0x01,0x01,0x01,0xff,0x1c,0x15,0x19,0xff,
	0x65,0x4a,0x5a,0xff,0xa3,0x78,0x91,0xff,0xb7,0x86,0xa3,0xff,0xb3,0x84,0x9f,0xff,
	0xb8,0x87,0xa4,0xff,0xc6,0x92,0xb1,0xff,0xd8,0x9f,0xc1,0xff,0xe4,0xa8,0xcb,0xff,
	0xeb,0xad,0xd1,0xff,0xf3,0xb3,0xd8,0xff,0xf9,0xb7,0xde,0xff,0xfb,0xb9,0xe0,0xff,
	0xfb,0xb9,0xe0,0xff,0xfb,0xb9,0xe0,0xff,0xfb,0xb9,0xe0,0xff,0xfb,0xb9,0xe0,0xff,
	0xfb,0xb9,0xe0,0xff,0xfb,0x99,0xdc,0xff,0xd9,0x6d,0xb3,0xff,0xff,0x00,0xff,0xff,
	0x00,0x00,0x00,0x00,0x00,0x00,0x00,0x00,0x00,0x00,0x00,0x00,0x00,0x00,0x00,0x00,
	0x00,0x00,0x00,0x00,0x00,0x00,0x00,0x00,0x00,0x00,0x00,0x00,0x00,0x00,0x00,0x00,
	0x00,0x00,0x00,0x00,0x00,0x00,0x00,0x00,0x00,0x00,0x00,0x00,0x00,0x00,0x00,0x00,
	0x00,0x00,0x00,0x00,0x00,0x00,0x00,0x00,0x00,0x00,0x00,0x00,0x00,0x00,0x00,0x00,
	0x00,0x00,0x00,0x00,0x00,0x00,0x00,0x00,0x00,0x00,0x00,0x00,0x00,0x00,0x00,0x00,
	0x00,0x00,0x00,0x00,0x00,0x00,0x00,0x00,0x00,0x00,0x00,0x00,0x00,0x00,0x00,0x00,
	0x00,0x00,0x00,0x00,0x00,0x00,0x00,0x00,0x00,0x00,0x00,0x00,0x00,0x00,0x00,0x00,
	0x00,0x00,0x00,0x00,0x00,0x00,0x00,0x00,0x00,0x00,0x00,0x00,0x00,0x00,0x00,0x00,
	0x00,0x00,0x00,0x00,0x00,0x00,0x00,0x00,0x00,0x00,0x00,0x00,0x00,0x00,0x00,0x00,
	0x00,0x00,0x00,0x00,0x00,0x00,0x00,0x00,0x00,0x00,0x00,0x00,0x00,0x00,0x00,0x00,
	0x00,0x00,0x00,0x00,0x00,0x00,0x00,0x00,0x00,0x00,0x00,0x00,0x00,0x00,0x00,0x00,
	0x00,0x00,0x00,0x00,0x00,0x00,0x00,0x00,0x00,0x00,0x00,0x00,0x00,0x00,0x00,0x00,
	0x00,0x00,0x00,0x00,0x00,0x00,0x00,0x00,0x00,0x00,0x00,0x00,0x00,0x00,0x00,0x00,
	0x00,0x00,0x00,0x00,0x00,0x00,0x00,0x00,0x00,0x00,0x00,0x00,0x00,0x00,0x00,0x00,
	0x00,0x00,0x00,0x00,0x00,0x00,0x00,0x00,0x00,0x00,0x00,0x00,0x00,0x00,0x00,0x00,
	0x00,0x00,0x00,0x00,0x00,0x00,0x00,0x00,0x00,0x00,0x00,0x00,0x00,0x00,0x00,0x00,
	0xd9,0x6d,0xb3,0xff,0xfb,0x99,0xdc,0xff,0xfb,0xb9,0xe0,0xff,0xfb,0xb9,0xe0,0xff,
	0xfb,0xb9,0xe0,0xff,0xfb,0xb9,0xe0,0xff,0xfb,0xb9,0xe0,0xff,0xfb,0xb9,0xe0,0xff,
	0xfb,0xb9,0xe0,0xff,0xfb,0xb9,0xe0,0xff,0xfa,0xb8,0xdf,0xff,0xf9,0xb7,0xde,0xff,
	0xf5,0xb4,0xda,0xff,0xf1,0xb1,0xd7,0xff,0xec,0xae,0xd2,0xff,0xe6,0xa9,0xcd,0xff,
	0xdd,0xa3,0xc5,0xff,0xc8,0x94,0xb3,0xff,0x95,0x6e,0x85,0xff,0x46,0x34,0x3f,0xff,
	0x0c,0x09,0x0b,0xff,0x04,0x02,0x02,0xff,0x4a,0x35,0x29,0xff,0xa8,0x7b,0x60,0xff,
	0xdd,0xa3,0x7f,0xff,0xda,0xa1,0x7d,0xff,0xd9,0xa0,0x7d,0xff,0xd9,0xa0,0x7d,0xff,
	0xd9,0xa0,0x7d,0xff,0xd9,0xa0,0x7d,0xff,0xd9,0xa0,0x7d,0xff,0xd9,0xa0,0x7d,0xff,
	0xd9,0xa0,0x7d,0xff,0xd9,0xa0,0x7d,0xff,0xd9,0xa0,0x7d,0xff,0xd9,0xa0,0x7d,0xff,
	0xd9,0xa0,0x7d,0xff,0xda,0xa0,0x7d,0xff,0xde,0xa4,0x80,0xff,0xad,0x7f,0x63,0xff,
	0x51,0x3a,0x2c,0xff,0x07,0x04,0x02,0xff,0x0b,0x08,0x0a,0xff,0x46,0x34,0x3f,0xff,
	0x9b,0x72,0x8a,0xff,0xd4,0x9c,0xbd,0xff,0xe8,0xab,0xcf,0xff,0xea,0xac,0xd1,0xff,
	0xeb,0xad,0xd1,0xff,0xf0,0xb1,0xd6,0xff,0xf5,0xb4,0xda,0xff,0xf8,0xb6,0xdd,0xff,
	0xf9,0xb7,0xde,0xff,0xfb,0xb9,0xe0,0xff,0xfb,0xb9,0xe0,0xff,0xfb,0xb9,0xe0,0xff,
	0xfb,0xb9,0xe0,0xff,0xfb,0xb9,0xe0,0xff,0xfb,0xb9,0xe0,0xff,0xfb,0xb9,0xe0,0xff,
	0xfb,0xb9,0xe0,0xff,0xfb,0x99,0xdc,0xff,0xd9,0x6d,0xb3,0xff,0xff,0x00,0xff,0xff,
	0x00,0x00,0x00,0x00,0x00,0x00,0x00,0x00,0x00,0x00,0x00,0x00,0x00,0x00,0x00,0x00,
	0x00,0x00,0x00,0x00,0x00,0x00,0x00,0x00,0x00,0x00,0x00,0x00,0x00,0x00,0x00,0x00,
	0x00,0x00,0x00,0x00,0x00,0x00,0x00,0x00,0x00,0x00,0x00,0x00,0x00,0x00,0x00,0x00,
	0x00,0x00,0x00,0x00,0x00,0x00,0x00,0x00,0x00,0x00,0x00,0x00,0x00,0x00,0x00,0x00,
	0x00,0x00,0x00,0x00,0x00,0x00,0x00,0x00,0x00,0x00,0x00,0x00,0x00,0x00,0x00,0x00,
	0x00,0x00,0x00,0x00,0x00,0x00,0x00,0x00,0x00,0x00,0x00,0x00,0x00,0x00,0x00,0x00,
	0x00,0x00,0x00,0x00,0x00,0x00,0x00,0x00,0x00,0x00,0x00,0x00,0x00,0x00,0x00,0x00,
	0x00,0x00,0x00,0x00,0x00,0x00,0x00,0x00,0x00,0x00,0x00,0x00,0x00,0x00,0x00,0x00,
	0x00,0x00,0x00,0x00,0x00,0x00,0x00,0x00,0x00,0x00,0x00,0x00,0x00,0x00,0x00,0x00,
	0x00,0x00,0x00,0x00,0x00,0x00,0x00,0x00,0x00,0x00,0x00,0x00,0x00,0x00,0x00,0x00,
	0x00,0x00,0x00,0x00,0x00,0x00,0x00,0x00,0x00,0x00,0x00,0x00,0x00,0x00,0x00,0x00,
	0x00,0x00,0x00,0x00,0x00,0x00,0x00,0x00,0x00,0x00,0x00,0x00,0x00,0x00,0x00,0x00,
	0x00,0x00,0x00,0x00,0x00,0x00,0x00,0x00,0x00,0x00,0x00,0x00,0x00,0x00,0x00,0x00,
	0x00,0x00,0x00,0x00,0x00,0x00,0x00,0x00,0x00,0x00,0x00,0x00,0x00,0x00,0x00,0x00,
	0x00,0x00,0x00,0x00,0x00,0x00,0x00,0x00,0x00,0x00,0x00,0x00,0x00,0x00,0x00,0x00,
	0x00,0x00,0x00,0x00,0x00,0x00,0x00,0x00,0x00,0x00,0x00,0x00,0x00,0x00,0x00,0x00,
	0xd9,0x6d,0xb3,0xff,0xfb,0x99,0xdc,0xff,0xfb,0xb9,0xe0,0xff,0xfb,0xb9,0xe0,0xff,
	0xfb,0xb9,0xe0,0xff,0xfb,0xb9,0xe0,0xff,0xfb,0xb9,0xe0,0xff,0xfb,0xb9,0xe0,0xff,
	0xfb,0xb9,0xe0,0xff,0xfb,0xb9,0xe0,0xff,0xfb,0xb9,0xe0,0xff,0xfb,0xb9,0xe0,0xff,
	0xfb,0xb9,0xe0,0xff,0xfb,0xb9,0xe0,0xff,0xf9,0xb7,0xde,0xff,0xf9,0xb7,0xde,0xff,
	0xf6,0xb5,0xdb,0xff,0xea,0xac,0xd1,0xff,0xc7,0x93,0xb2,0xff,0x84,0x61,0x76,0xff,
	0x35,0x27,0x2f,0xff,0x06,0x05,0x06,0xff,0x0f,0x08,0x05,0xff,0x50,0x3a,0x2c,0xff,
	0xa8,0x7b,0x60,0xff,0xdb,0xa2,0x7e,0xff,0xdc,0xa2,0x7f,0xff,0xd9,0xa0,0x7d,0xff,
	0xd9,0xa0,0x7d,0xff,0xd9,0xa0,0x7d,0xff,0xd9,0xa0,0x7d,0xff,0xd9,0xa0,0x7d,0xff,
	0xd9,0xa0,0x7d,0xff,0xd9,0xa0,0x7d,0xff,0xd9,0xa0,0x7d,0xff,0xd9,0xa0,0x7d,0xff,
	0xdc,0xa2,0x7f,0xff,0xdd,0xa3,0x7f,0xff,0xad,0x7f,0x63,0xff,0x57,0x3f,0x30,0xff,
	0x12,0x0a,0x06,0xff,0x05,0x04,0x05,0xff,0x32,0x25,0x2c,0xff,0x83,0x61,0x75,0xff,
	0xc8,0x94,0xb3,0xff,0xec,0xae,0xd2,0xff,0xf8,0xb6,0xdd,0xff,0xf9,0xb7,0xde,0xff,
	0xf9,0xb7,0xde,0xff,0xfb,0xb9,0xe0,0xff,0xfb,0xb9,0xe0,0xff,0xfb,0xb9,0xe0,0xff,
	0xfb,0xb9,0xe0,0xff,0xfb,0xb9,0xe0,0xff,0xfb,0xb9,0xe0,0xff,0xfb,0xb9,0xe0,0xff,
	0xfb,0xb9,0xe0,0xff,0xfb,0xb9,0xe0,0xff,0xfb,0xb9,0xe0,0xff,0xfb,0xb9,0xe0,0xff,
	0xfb,0xb9,0xe0,0xff,0xfb,0x99,0xdc,0xff,0xd9,0x6d,0xb3,0xff,0xff,0x00,0xff,0xff,
	0x00,0x00,0x00,0x00,0x00,0x00,0x00,0x00,0x00,0x00,0x00,0x00,0x00,0x00,0x00,0x00,
	0x00,0x00,0x00,0x00,0x00,0x00,0x00,0x00,0x00,0x00,0x00,0x00,0x00,0x00,0x00,0x00,
	0x00,0x00,0x00,0x00,0x00,0x00,0x00,0x00,0x00,0x00,0x00,0x00,0x00,0x00,0x00,0x00,
	0x00,0x00,0x00,0x00,0x00,0x00,0x00,0x00,0x00,0x00,0x00,0x00,0x00,0x00,0x00,0x00,
	0x00,0x00,0x00,0x00,0x00,0x00,0x00,0x00,0x00,0x00,0x00,0x00,0x00,0x00,0x00,0x00,
	0x00,0x00,0x00,0x00,0x00,0x00,0x00,0x00,0x00,0x00,0x00,0x00,0x00,0x00,0x00,0x00,
	0x00,0x00,0x00,0x00,0x00,0x00,0x00,0x00,0x00,0x00,0x00,0x00,0x00,0x00,0x00,0x00,
	0x00,0x00,0x00,0x00,0x00,0x00,0x00,0x00,0x00,0x00,0x00,0x00,0x00,0x00,0x00,0x00,
	0x00,0x00,0x00,0x00,0x00,0x00,0x00,0x00,0x00,0x00,0x00,0x00,0x00,0x00,0x00,0x00,
	0x00,0x00,0x00,0x00,0x00,0x00,0x00,0x00,0x00,0x00,0x00,0x00,0x00,0x00,0x00,0x00,
	0x00,0x00,0x00,0x00,0x00,0x00,0x00,0x00,0x00,0x00,0x00,0x00,0x00,0x00,0x00,0x00,
	0x00,0x00,0x00,0x00,0x00,0x00,0x00,0x00,0x00,0x00,0x00,0x00,0x00,0x00,0x00,0x00,
	0x00,0x00,0x00,0x00,0x00,0x00,0x00,0x00,0x00,0x00,0x00,0x00,0x00,0x00,0x00,0x00,
	0x00,0x00,0x00,0x00,0x00,0x00,0x00,0x00,0x00,0x00,0x00,0x00,0x00,0x00,0x00,0x00,
	0x00,0x00,0x00,0x00,0x00,0x00,0x00,0x00,0x00,0x00,0x00,0x00,0x00,0x00,0x00,0x00,
	0x00,0x00,0x00,0x00,0x00,0x00,0x00,0x00,0x00,0x00,0x00,0x00,0x00,0x00,0x00,0x00,
	0xd9,0x6d,0xb3,0xff,0xfb,0x99,0xdc,0xff,0xfb,0xb9,0xe0,0xff,0xfb,0xb9,0xe0,0xff,
	0xfb,0xb9,0xe0,0xff,0xfb,0xb9,0xe0,0xff,0xfb,0xb9,0xe0,0xff,0xfb,0xb9,0xe0,0xff,
	0xfb,0xb9,0xe0,0xff,0xfb,0xb9,0xe0,0xff,0xfb,0xb9,0xe0,0xff,0xfb,0xb9,0xe0,0xff,
	0xfb,0xb9,0xe0,0xff,0xfb,0xb9,0xe0,0xff,0xfb,0xb9,0xe0,0xff,0xfb,0xb9,0xe0,0xff,
	0xfb,0xb9,0xe0,0xff,0xf6,0xb5,0xdb,0xff,0xe6,0xa9,0xcd,0xff,0xbe,0x8c,0xaa,0xff,
	0x7a,0x59,0x6c,0xff,0x2d,0x21,0x28,0xff,0x05,0x04,0x05,0xff,0x0f,0x08,0x05,0xff,
	0x40,0x2e,0x23,0xff,0x8e,0x68,0x51,0xff,0xcc,0x96,0x75,0xff,0xdf,0xa5,0x81,0xff,
	0xdd,0xa3,0x7f,0xff,0xda,0xa0,0x7d,0xff,0xd9,0xa0,0x7d,0xff,0xd9,0xa0,0x7d,0xff,
	0xd9,0xa0,0x7d,0xff,0xda,0xa0,0x7d,0xff,0xdd,0xa2,0x7f,0xff,0xe0,0xa5,0x81,0xff,
	0xcf,0x98,0x77,0xff,0x93,0x6c,0x54,0xff,0x45,0x32,0x26,0xff,0x12,0x0a,0x06,0xff,
	0x04,0x03,0x04,0xff,0x2b,0x1f,0x26,0xff,0x79,0x59,0x6c,0xff,0xbe,0x8c,0xaa,0xff,
	0xe6,0xa9,0xcd,0xff,0xf7,0xb6,0xdc,0xff,0xfb,0xb9,0xe0,0xff,0xfb,0xb9,0xe0,0xff,
	0xfb,0xb9,0xe0,0xff,0xfb,0xb9,0xe0,0xff,0xfb,0xb9,0xe0,0xff,0xfb,0xb9,0xe0,0xff,
	0xfb,0xb9,0xe0,0xff,0xfb,0xb9,0xe0,0xff,0xfb,0xb9,0xe0,0xff,0xfb,0xb9,0xe0,0xff,
	0xfb,0xb9,0xe0,0xff,0xfb,0xb9,0xe0,0xff,0xfb,0xb9,0xe0,0xff,0xfb,0xb9,0xe0,0xff,
	0xfb,0xb9,0xe0,0xff,0xfb,0x99,0xdc,0xff,0xd9,0x6d,0xb3,0xff,0xff,0x00,0xff,0xff,
	0x00,0x00,0x00,0x00,0x00,0x00,0x00,0x00,0x00,0x00,0x00,0x00,0x00,0x00,0x00,0x00,
	0x00,0x00,0x00,0x00,0x00,0x00,0x00,0x00,0x00,0x00,0x00,0x00,0x00,0x00,0x00,0x00,
	0x00,0x00,0x00,0x00,0x00,0x00,0x00,0x00,0x00,0x00,0x00,0x00,0x00,0x00,0x00,0x00,
	0x00,0x00,0x00,0x00,0x00,0x00,0x00,0x00,0x00,0x00,0x00,0x00,0x00,0x00,0x00,0x00,
	0x00,0x00,0x00,0x00,0x00,0x00,0x00,0x00,0x00,0x00,0x00,0x00,0x00,0x00,0x00,0x00,
	0x00,0x00,0x00,0x00,0x00,0x00,0x00,0x00,0x00,0x00,0x00,0x00,0x00,0x00,0x00,0x00,
	0x00,0x00,0x00,0x00,0x00,0x00,0x00,0x00,0x00,0x00,0x00,0x00,0x00,0x00,0x00,0x00,
	0x00,0x00,0x00,0x00,0x00,0x00,0x00,0x00,0x00,0x00,0x00,0x00,0x00,0x00,0x00,0x00,
	0x00,0x00,0x00,0x00,0x00,0x00,0x00,0x00,0x00,0x00,0x00,0x00,0x00,0x00,0x00,0x00,
	0x00,0x00,0x00,0x00,0x00,0x00,0x00,0x00,0x00,0x00,0x00,0x00,0x00,0x00,0x00,0x00,
	0x00,0x00,0x00,0x00,0x00,0x00,0x00,0x00,0x00,0x00,0x00,0x00,0x00,0x00,0x00,0x00,
	0x00,0x00,0x00,0x00,0x00,0x00,0x00,0x00,0x00,0x00,0x00,0x00,0x00,0x00,0x00,0x00,
	0x00,0x00,0x00,0x00,0x00,0x00,0x00,0x00,0x00,0x00,0x00,0x00,0x00,0x00,0x00,0x00,
	0x00,0x00,0x00,0x00,0x00,0x00,0x00,0x00,0x00,0x00,0x00,0x00,0x00,0x00,0x00,0x00,
	0x00,0x00,0x00,0x00,0x00,0x00,0x00,0x00,0x00,0x00,0x00,0x00,0x00,0x00,0x00,0x00,
	0x00,0x00,0x00,0x00,0x00,0x00,0x00,0x00,0x00,0x00,0x00,0x00,0x00,0x00,0x00,0x00,
	0xd9,0x6d,0xb3,0xff,0xfb,0x99,0xdc,0xff,0xfb,0xb9,0xe0,0xff,0xfb,0xb9,0xe0,0xff,
	0xfb,0xb9,0xe0,0xff,0xfb,0xb9,0xe0,0xff,0xfb,0xb9,0xe0,0xff,0xfb,0xb9,0xe0,0xff,
	0xfb,0xb9,0xe0,0xff,0xfb,0xb9,0xe0,0xff,0xfb,0xb9,0xe0,0xff,0xfb,0xb9,0xe0,0xff,
	0xfb,0xb9,0xe0,0xff,0xfb,0xb9,0xe0,0xff,0xfb,0xb9,0xe0,0xff,0xfb,0xb9,0xe0,0xff,
	0xfb,0xb9,0xe0,0xff,0xfb,0xb9,0xe0,0xff,0xf6,0xb5,0xdb,0xff,0xe5,0xa9,0xcc,0xff,
	0xbc,0x8b,0xa8,0xff,0x78,0x58,0x6b,0xff,0x2d,0x21,0x28,0xff,0x06,0x05,0x06,0xff,
	0x05,0x02,0x02,0xff,0x27,0x1b,0x13,0xff,0x54,0x3d,0x2f,0xff,0x8d,0x68,0x51,0xff,
	0xbd,0x8b,0x6d,0xff,0xd5,0x9d,0x7b,0xff,0xdd,0xa3,0x80,0xff,0xdf,0xa5,0x81,0xff,
	0xde,0xa4,0x80,0xff,0xd7,0x9e,0x7b,0xff,0xc0,0x8d,0x6e,0xff,0x91,0x6b,0x53,0xff,
	0x58,0x40,0x31,0xff,0x29,0x1d,0x15,0xff,0x06,0x03,0x02,0xff,0x05,0x04,0x05,0xff,
	0x2b,0x1f,0x26,0xff,0x76,0x57,0x69,0xff,0xbc,0x8a,0xa7,0xff,0xe5,0xa9,0xcc,0xff,
	0xf6,0xb5,0xdb,0xff,0xfb,0xb9,0xe0,0xff,0xfb,0xb9,0xe0,0xff,0xfb,0xb9,0xe0,0xff,
	0xfb,0xb9,0xe0,0xff,0xfb,0xb9,0xe0,0xff,0xfb,0xb9,0xe0,0xff,0xfb,0xb9,0xe0,0xff,
	0xfb,0xb9,0xe0,0xff,0xfb,0xb9,0xe0,0xff,0xfb,0xb9,0xe0,0xff,0xfb,0xb9,0xe0,0xff,
	0xfb,0xb9,0xe0,0xff,0xfb,0xb9,0xe0,0xff,0xfb,0xb9,0xe0,0xff,0xfb,0xb9,0xe0,0xff,
	0xfb,0xb9,0xe0,0xff,0xfb,0x99,0xdc,0xff,0xd9,0x6d,0xb3,0xff,0xff,0x00,0xff,0xff,
	0x00,0x00,0x00,0x00,0x00,0x00,0x00,0x00,0x00,0x00,0x00,0x00,0x00,0x00,0x00,0x00,
	0x00,0x00,0x00,0x00,0x00,0x00,0x00,0x00,0x00,0x00,0x00,0x00,0x00,0x00,0x00,0x00,
	0x00,0x00,0x00,0x00,0x00,0x00,0x00,0x00,0x00,0x00,0x00,0x00,0x00,0x00,0x00,0x00,
	0x00,0x00,0x00,0x00,0x00,0x00,0x00,0x00,0x00,0x00,0x00,0x00,0x00,0x00,0x00,0x00,
	0x00,0x00,0x00,0x00,0x00,0x00,0x00,0x00,0x00,0x00,0x00,0x00,0x00,0x00,0x00,0x00,
	0x00,0x00,0x00,0x00,0x00,0x00,0x00,0x00,0x00,0x00,0x00,0x00,0x00,0x00,0x00,0x00,
	0x00,0x00,0x00,0x00,0x00,0x00,0x00,0x00,0x00,0x00,0x00,0x00,0x00,0x00,0x00,0x00,
	0x00,0x00,0x00,0x00,0x00,0x00,0x00,0x00,0x00,0x00,0x00,0x00,0x00,0x00,0x00,0x00,
	0x00,0x00,0x00,0x00,0x00,0x00,0x00,0x00,0x00,0x00,0x00,0x00,0x00,0x00,0x00,0x00,
	0x00,0x00,0x00,0x00,0x00,0x00,0x00,0x00,0x00,0x00,0x00,0x00,0x00,0x00,0x00,0x00,
	0x00,0x00,0x00,0x00,0x00,0x00,0x00,0x00,0x00,0x00,0x00,0x00,0x00,0x00,0x00,0x00,
	0x00,0x00,0x00,0x00,0x00,0x00,0x00,0x00,0x00,0x00,0x00,0x00,0x00,0x00,0x00,0x00,
	0x00,0x00,0x00,0x00,0x00,0x00,0x00,0x00,0x00,0x00,0x00,0x00,0x00,0x00,0x00,0x00,
	0x00,0x00,0x00,0x00,0x00,0x00,0x00,0x00,0x00,0x00,0x00,0x00,0x00,0x00,0x00,0x00,
	0x00,0x00,0x00,0x00,0x00,0x00,0x00,0x00,0x00,0x00,0x00,0x00,0x00,0x00,0x00,0x00,
	0x00,0x00,0x00,0x00,0x00,0x00,0x00,0x00,0x00,0x00,0x00,0x00,0x00,0x00,0x00,0x00,
	0xd9,0x6d,0xb3,0xff,0xfb,0x99,0xdc,0xff,0xfb,0xb9,0xe0,0xff,0xfb,0xb9,0xe0,0xff,
	0xfb,0xb9,0xe0,0xff,0xfb,0xb9,0xe0,0xff,0xfb,0xb9,0xe0,0xff,0xfb,0xb9,0xe0,0xff,
	0xfb,0xb9,0xe0,0xff,0xfb,0xb9,0xe0,0xff,0xfb,0xb9,0xe0,0xff,0xfb,0xb9,0xe0,0xff,
	0xfb,0xb9,0xe0,0xff,0xfb,0xb9,0xe0,0xff,0xfb,0xb9,0xe0,0xff,0xfb,0xb9,0xe0,0xff,
	0xfb,0xb9,0xe0,0xff,0xfb,0xb9,0xe0,0xff,0xfb,0xb9,0xe0,0xff,0xf6,0xb5,0xdb,0xff,
	0xe5,0xa9,0xcc,0xff,0xbc,0x8b,0xa8,0xff,0x7b,0x5a,0x6d,0xff,0x33,0x25,0x2d,0xff,
	0x0a,0x07,0x09,0xff,0x01,0x01,0x01,0xff,0x09,0x05,0x03,0xff,0x22,0x17,0x0f,0xff,
	0x38,0x27,0x1d,0xff,0x4b,0x37,0x2a,0xff,0x5b,0x43,0x34,0xff,0x61,0x47,0x37,0xff,
	0x5c,0x43,0x34,0xff,0x4d,0x37,0x2b,0xff,0x39,0x28,0x1e,0xff,0x23,0x17,0x10,0xff,
	0x0c,0x06,0x04,0xff,0x01,0x01,0x01,0xff,0x0b,0x08,0x0a,0xff,0x35,0x27,0x2f,0xff,
	0x7c,0x5b,0x6e,0xff,0xbc,0x8b,0xa8,0xff,0xe5,0xa9,0xcc,0xff,0xf6,0xb5,0xdb,0xff,
	0xfb,0xb9,0xe0,0xff,0xfb,0xb9,0xe0,0xff,0xfb,0xb9,0xe0,0xff,0xfb,0xb9,0xe0,0xff,
	0xfb,0xb9,0xe0,0xff,0xfb,0xb9,0xe0,0xff,0xfb,0xb9,0xe0,0xff,0xfb,0xb9,0xe0,0xff,
	0xfb,0xb9,0xe0,0xff,0xfb,0xb9,0xe0,0xff,0xfb,0xb9,0xe0,0xff,0xfb,0xb9,0xe0,0xff,
	0xfb,0xb9,0xe0,0xff,0xfb,0xb9,0xe0,0xff,0xfb,0xb9,0xe0,0xff,0xfb,0xb9,0xe0,0xff,
	0xfb,0xb9,0xe0,0xff,0xfb,0x99,0xdc,0xff,0xd9,0x6d,0xb3,0xff,0xff,0x00,0xff,0xff,
	0x00,0x00,0x00,0x00,0x00,0x00,0x00,0x00,0x00,0x00,0x00,0x00,0x00,0x00,0x00,0x00,
	0x00,0x00,0x00,0x00,0x00,0x00,0x00,0x00,0x00,0x00,0x00,0x00,0x00,0x00,0x00,0x00,
	0x00,0x00,0x00,0x00,0x00,0x00,0x00,0x00,0x00,0x00,0x00,0x00,0x00,0x00,0x00,0x00,
	0x00,0x00,0x00,0x00,0x00,0x00,0x00,0x00,0x00,0x00,0x00,0x00,0x00,0x00,0x00,0x00,
	0x00,0x00,0x00,0x00,0x00,0x00,0x00,0x00,0x00,0x00,0x00,0x00,0x00,0x00,0x00,0x00,
	0x00,0x00,0x00,0x00,0x00,0x00,0x00,0x00,0x00,0x00,0x00,0x00,0x00,0x00,0x00,0x00,
	0x00,0x00,0x00,0x00,0x00,0x00,0x00,0x00,0x00,0x00,0x00,0x00,0x00,0x00,0x00,0x00,
	0x00,0x00,0x00,0x00,0x00,0x00,0x00,0x00,0x00,0x00,0x00,0x00,0x00,0x00,0x00,0x00,
	0x00,0x00,0x00,0x00,0x00,0x00,0x00,0x00,0x00,0x00,0x00,0x00,0x00,0x00,0x00,0x00,
	0x00,0x00,0x00,0x00,0x00,0x00,0x00,0x00,0x00,0x00,0x00,0x00,0x00,0x00,0x00,0x00,
	0x00,0x00,0x00,0x00,0x00,0x00,0x00,0x00,0x00,0x00,0x00,0x00,0x00,0x00,0x00,0x00,
	0x00,0x00,0x00,0x00,0x00,0x00,0x00,0x00,0x00,0x00,0x00,0x00,0x00,0x00,0x00,0x00,
	0x00,0x00,0x00,0x00,0x00,0x00,0x00,0x00,0x00,0x00,0x00,0x00,0x00,0x00,0x00,0x00,
	0x00,0x00,0x00,0x00,0x00,0x00,0x00,0x00,0x00,0x00,0x00,0x00,0x00,0x00,0x00,0x00,
	0x00,0x00,0x00,0x00,0x00,0x00,0x00,0x00,0x00,0x00,0x00,0x00,0x00,0x00,0x00,0x00,
	0x00,0x00,0x00,0x00,0x00,0x00,0x00,0x00,0x00,0x00,0x00,0x00,0x00,0x00,0x00,0x00,
	0xd9,0x6d,0xb3,0xff,0xfb,0x99,0xdc,0xff,0xfb,0xb9,0xe0,0xff,0xfb,0xb9,0xe0,0xff,
	0xfb,0xb9,0xe0,0xff,0xfb,0xb9,0xe0,0xff,0xfb,0xb9,0xe0,0xff,0xfb,0xb9,0xe0,0xff,
	0xfb,0xb9,0xe0,0xff,0xfb,0xb9,0xe0,0xff,0xfb,0xb9,0xe0,0xff,0xfb,0xb9,0xe0,0xff,
	0xfb,0xb9,0xe0,0xff,0xfb,0xb9,0xe0,0xff,0xfb,0xb9,0xe0,0xff,0xfb,0xb9,0xe0,0xff,
	0xfb,0xb9,0xe0,0xff,0xfb,0xb9,0xe0,0xff,0xfb,0xb9,0xe0,0xff,0xfb,0xb9,0xe0,0xff,
	0xf6,0xb5,0xdb,0xff,0xe5,0xa9,0xcc,0xff,0xbe,0x8c,0xaa,0xff,0x83,0x61,0x75,0xff,
	0x46,0x34,0x3f,0xff,0x1d,0x15,0x1a,0xff,0x08,0x06,0x07,0xff,0x02,0x02,0x02,0xff,
	0x01,0x00,0x00,0xff,0x04,0x02,0x02,0xff,0x0a,0x06,0x03,0xff,0x0d,0x06,0x04,0xff,
	0x0a,0x06,0x03,0xff,0x05,0x02,0x02,0xff,0x01,0x00,0x00,0xff,0x02,0x02,0x02,0xff,
	0x09,0x07,0x08,0xff,0x23,0x1a,0x1f,0xff,0x51,0x3c,0x48,0xff,0x8c,0x67,0x7d,0xff,
	0xc1,0x8e,0xad,0xff,0xe5,0xa9,0xcc,0xff,0xf6,0xb5,0xdb,0xff,0xfb,0xb9,0xe0,0xff,
	0xfb,0xb9,0xe0,0xff,0xfb,0xb9,0xe0,0xff,0xfb,0xb9,0xe0,0xff,0xfb,0xb9,0xe0,0xff,
	0xfb,0xb9,0xe0,0xff,0xfb,0xb9,0xe0,0xff,0xfb,0xb9,0xe0,0xff,0xfb,0xb9,0xe0,0xff,
	0xfb,0xb9,0xe0,0xff,0xfb,0xb9,0xe0,0xff,0xfb,0xb9,0xe0,0xff,0xfb,0xb9,0xe0,0xff,
	0xfb,0xb9,0xe0,0xff,0xfb,0xb9,0xe0,0xff,0xfb,0xb9,0xe0,0xff,0xfb,0xb9,0xe0,0xff,
	0xfb,0xb9,0xe0,0xff,0xfb,0x99,0xdc,0xff,0xd9,0x6d,0xb3,0xff,0xff,0x00,0xff,0xff,
	0x00,0x00,0x00,0x00,0x00,0x00,0x00,0x00,0x00,0x00,0x00,0x00,0x00,0x00,0x00,0x00,
	0x00,0x00,0x00,0x00,0x00,0x00,0x00,0x00,0x00,0x00,0x00,0x00,0x00,0x00,0x00,0x00,
	0x00,0x00,0x00,0x00,0x00,0x00,0x00,0x00,0x00,0x00,0x00,0x00,0x00,0x00,0x00,0x00,
	0x00,0x00,0x00,0x00,0x00,0x00,0x00,0x00,0x00,0x00,0x00,0x00,0x00,0x00,0x00,0x00,
	0x00,0x00,0x00,0x00,0x00,0x00,0x00,0x00,0x00,0x00,0x00,0x00,0x00,0x00,0x00,0x00,
	0x00,0x00,0x00,0x00,0x00,0x00,0x00,0x00,0x00,0x00,0x00,0x00,0x00,0x00,0x00,0x00,
	0x00,0x00,0x00,0x00,0x00,0x00,0x00,0x00,0x00,0x00,0x00,0x00,0x00,0x00,0x00,0x00,
	0x00,0x00,0x00,0x00,0x00,0x00,0x00,0x00,0x00,0x00,0x00,0x00,0x00,0x00,0x00,0x00,
	0x00,0x00,0x00,0x00,0x00,0x00,0x00,0x00,0x00,0x00,0x00,0x00,0x00,0x00,0x00,0x00,
	0x00,0x00,0x00,0x00,0x00,0x00,0x00,0x00,0x00,0x00,0x00,0x00,0x00,0x00,0x00,0x00,
	0x00,0x00,0x00,0x00,0x00,0x00,0x00,0x00,0x00,0x00,0x00,0x00,0x00,0x00,0x00,0x00,
	0x00,0x00,0x00,0x00,0x00,0x00,0x00,0x00,0x00,0x00,0x00,0x00,0x00,0x00,0x00,0x00,
	0x00,0x00,0x00,0x00,0x00,0x00,0x00,0x00,0x00,0x00,0x00,0x00,0x00,0x00,0x00,0x00,
	0x00,0x00,0x00,0x00,0x00,0x00,0x00,0x00,0x00,0x00,0x00,0x00,0x00,0x00,0x00,0x00,
	0x00,0x00,0x00,0x00,0x00,0x00,0x00,0x00,0x00,0x00,0x00,0x00,0x00,0x00,0x00,0x00,
	0x00,0x00,0x00,0x00,0x00,0x00,0x00,0x00,0x00,0x00,0x00,0x00,0x00,0x00,0x00,0x00,
	0xd9,0x6d,0xb3,0xff,0xfb,0x99,0xdc,0xff,0xfb,0xb9,0xe0,0xff,0xfb,0xb9,0xe0,0xff,
	0xfb,0xb9,0xe0,0xff,0xfb,0xb9,0xe0,0xff,0xfb,0xb9,0xe0,0xff,0xfb,0xb9,0xe0,0xff,
	0xfb,0xb9,0xe0,0xff,0xfb,0xb9,0xe0,0xff,0xfb,0xb9,0xe0,0xff,0xfb,0xb9,0xe0,0xff,
	0xfb,0xb9,0xe0,0xff,0xfb,0xb9,0xe0,0xff,0xfb,0xb9,0xe0,0xff,0xfb,0xb9,0xe0,0xff,
	0xfb,0xb9,0xe0,0xff,0xfb,0xb9,0xe0,0xff,0xfb,0xb9,0xe0,0xff,0xfb,0xb9,0xe0,0xff,
	0xfb,0xb9,0xe0,0xff,0xf6,0xb5,0xdb,0xff,0xe7,0xaa,0xce,0xff,0xca,0x95,0xb4,0xff,
	0xa5,0x79,0x93,0xff,0x7d,0x5c,0x70,0xff,0x53,0x3d,0x4a,0xff,0x31,0x24,0x2b,0xff,
	0x1a,0x13,0x17,0xff,0x0d,0x0a,0x0c,0xff,0x07,0x05,0x07,0xff,0x05,0x04,0x05,0xff,
	0x07,0x05,0x07,0xff,0x0d,0x0a,0x0c,0xff,0x1a,0x13,0x17,0xff,0x31,0x24,0x2b,0xff,
	0x56,0x3f,0x4d,0xff,0x86,0x63,0x78,0xff,0xb1,0x82,0x9e,0xff,0xd1,0x9a,0xbb,0xff,
	0xe9,0xab,0xd0,0xff,0xf6,0xb5,0xdb,0xff,0xfb,0xb9,0xe0,0xff,0xfb,0xb9,0xe0,0xff,
	0xfb,0xb9,0xe0,0xff,0xfb,0xb9,0xe0,0xff,0xfb,0xb9,0xe0,0xff,0xfb,0xb9,0xe0,0xff,
	0xfb,0xb9,0xe0,0xff,0xfb,0xb9,0xe0,0xff,0xfb,0xb9,0xe0,0xff,0xfb,0xb9,0xe0,0xff,
	0xfb,0xb9,0xe0,0xff,0xfb,0xb9,0xe0,0xff,0xfb,0xb9,0xe0,0xff,0xfb,0xb9,0xe0,0xff,
	0xfb,0xb9,0xe0,0xff,0xfb,0xb9,0xe0,0xff,0xfb,0xb9,0xe0,0xff,0xfb,0xb9,0xe0,0xff,
	0xfb,0xb9,0xe0,0xff,0xfb,0x99,0xdc,0xff,0xd9,0x6d,0xb3,0xff,0xff,0x00,0xff,0xff,
	0x00,0x00,0x00,0x00,0x00,0x00,0x00,0x00,0x00,0x00,0x00,0x00,0x00,0x00,0x00,0x00,
	0x00,0x00,0x00,0x00,0x00,0x00,0x00,0x00,0x00,0x00,0x00,0x00,0x00,0x00,0x00,0x00,
	0x00,0x00,0x00,0x00,0x00,0x00,0x00,0x00,0x00,0x00,0x00,0x00,0x00,0x00,0x00,0x00,
	0x00,0x00,0x00,0x00,0x00,0x00,0x00,0x00,0x00,0x00,0x00,0x00,0x00,0x00,0x00,0x00,
	0x00,0x00,0x00,0x00,0x00,0x00,0x00,0x00,0x00,0x00,0x00,0x00,0x00,0x00,0x00,0x00,
	0x00,0x00,0x00,0x00,0x00,0x00,0x00,0x00,0x00,0x00,0x00,0x00,0x00,0x00,0x00,0x00,
	0x00,0x00,0x00,0x00,0x00,0x00,0x00,0x00,0x00,0x00,0x00,0x00,0x00,0x00,0x00,0x00,
	0x00,0x00,0x00,0x00,0x00,0x00,0x00,0x00,0x00,0x00,0x00,0x00,0x00,0x00,0x00,0x00,
	0x00,0x00,0x00,0x00,0x00,0x00,0x00,0x00,0x00,0x00,0x00,0x00,0x00,0x00,0x00,0x00,
	0x00,0x00,0x00,0x00,0x00,0x00,0x00,0x00,0x00,0x00,0x00,0x00,0x00,0x00,0x00,0x00,
	0x00,0x00,0x00,0x00,0x00,0x00,0x00,0x00,0x00,0x00,0x00,0x00,0x00,0x00,0x00,0x00,
	0x00,0x00,0x00,0x00,0x00,0x00,0x00,0x00,0x00,0x00,0x00,0x00,0x00,0x00,0x00,0x00,
	0x00,0x00,0x00,0x00,0x00,0x00,0x00,0x00,0x00,0x00,0x00,0x00,0x00,0x00,0x00,0x00,
	0x00,0x00,0x00,0x00,0x00,0x00,0x00,0x00,0x00,0x00,0x00,0x00,0x00,0x00,0x00,0x00,
	0x00,0x00,0x00,0x00,0x00,0x00,0x00,0x00,0x00,0x00,0x00,0x00,0x00,0x00,0x00,0x00,
	0x00,0x00,0x00,0x00,0x00,0x00,0x00,0x00,0x00,0x00,0x00,0x00,0x00,0x00,0x00,0x00,
	0xd9,0x6d,0xb3,0xff,0xfb,0x99,0xdc,0xff,0xfb,0x99,0xdc,0xff,0xfb,0x99,0xdc,0xff,
	0xfb,0x99,0xdc,0xff,0xfb,0x99,0xdc,0xff,0xfb,0x99,0xdc,0xff,0xfb,0x99,0xdc,0xff,
	0xfb,0x99,0xdc,0xff,0xfb,0x99,0xdc,0xff,0xfb,0x99,0xdc,0xff,0xfb,0x99,0xdc,0xff,
	0xfb,0x99,0xdc,0xff,0xfb,0x99,0xdc,0xff,0xfb,0x99,0xdc,0xff,0xfb,0x99,0xdc,0xff,
	0xfb,0x99,0xdc,0xff,0xfb,0x99,0xdc,0xff,0xfb,0x99,0xdc,0xff,0xfb,0x99,0xdc,0xff,
	0xfb,0x99,0xdc,0xff,0xfb,0x99,0xdc,0xff,0xf7,0x96,0xd8,0xff,0xf0,0x92,0xd2,0xff,
	0xe3,0x8a,0xc7,0xff,0xcf,0x7e,0xb6,0xff,0xb8,0x70,0xa1,0xff,0x9d,0x60,0x8a,0xff,
	0x81,0x4f,0x71,0xff,0x68,0x3f,0x5b,0xff,0x55,0x34,0x4b,0xff,0x4e,0x30,0x45,0xff,
	0x55,0x34,0x4b,0xff,0x68,0x3f,0x5b,0xff,0x81,0x4f,0x71,0xff,0x9d,0x60,0x8a,0xff,
	0xb9,0x70,0xa2,0xff,0xd2,0x80,0xb8,0xff,0xe6,0x8c,0xc9,0xff,0xf2,0x93,0xd4,0xff,
	0xf9,0x97,0xda,0xff,0xfb,0x99,0xdc,0xff,0xfb,0x99,0xdc,0xff,0xfb,0x99,0xdc,0xff,
	0xfb,0x99,0xdc,0xff,0xfb,0x99,0xdc,0xff,0xfb,0x99,0xdc,0xff,0xfb,0x99,0xdc,0xff,
	0xfb,0x99,0xdc,0xff,0xfb,0x99,0xdc,0xff,0xfb,0x99,0xdc,0xff,0xfb,0x99,0xdc,0xff,
	0xfb,0x99,0xdc,0xff,0xfb,0x99,0xdc,0xff,0xfb,0x99,0xdc,0xff,0xfb,0x99,0xdc,0xff,
	0xfb,0x99,0xdc,0xff,0xfb,0x99,0xdc,0xff,0xfb,0x99,0xdc,0xff,0xfb,0x99,0xdc,0xff,
	0xfb,0x99,0xdc,0xff,0xfb,0x99,0xdc,0xff,0xd9,0x6d,0xb3,0xff,0xff,0x00,0xff,0xff,
	0x00,0x00,0x00,0x00,0x00,0x00,0x00,0x00,0x00,0x00,0x00,0x00,0x00,0x00,0x00,0x00,
	0x00,0x00,0x00,0x00,0x00,0x00,0x00,0x00,0x00,0x00,0x00,0x00,0x00,0x00,0x00,0x00,
	0x00,0x00,0x00,0x00,0x00,0x00,0x00,0x00,0x00,0x00,0x00,0x00,0x00,0x00,0x00,0x00,
	0x00,0x00,0x00,0x00,0x00,0x00,0x00,0x00,0x00,0x00,0x00,0x00,0x00,0x00,0x00,0x00,
	0x00,0x00,0x00,0x00,0x00,0x00,0x00,0x00,0x00,0x00,0x00,0x00,0x00,0x00,0x00,0x00,
	0x00,0x00,0x00,0x00,0x00,0x00,0x00,0x00,0x00,0x00,0x00,0x00,0x00,0x00,0x00,0x00,
	0x00,0x00,0x00,0x00,0x00,0x00,0x00,0x00,0x00,0x00,0x00,0x00,0x00,0x00,0x00,0x00,
	0x00,0x00,0x00,0x00,0x00,0x00,0x00,0x00,0x00,0x00,0x00,0x00,0x00,0x00,0x00,0x00,
	0x00,0x00,0x00,0x00,0x00,0x00,0x00,0x00,0x00,0x00,0x00,0x00,0x00,0x00,0x00,0x00,
	0x00,0x00,0x00,0x00,0x00,0x00,0x00,0x00,0x00,0x00,0x00,0x00,0x00,0x00,0x00,0x00,
	0x00,0x00,0x00,0x00,0x00,0x00,0x00,0x00,0x00,0x00,0x00,0x00,0x00,0x00,0x00,0x00,
	0x00,0x00,0x00,0x00,0x00,0x00,0x00,0x00,0x00,0x00,0x00,0x00,0x00,0x00,0x00,0x00,
	0x00,0x00,0x00,0x00,0x00,0x00,0x00,0x00,0x00,0x00,0x00,0x00,0x00,0x00,0x00,0x00,
	0x00,0x00,0x00,0x00,0x00,0x00,0x00,0x00,0x00,0x00,0x00,0x00,0x00,0x00,0x00,0x00,
	0x00,0x00,0x00,0x00,0x00,0x00,0x00,0x00,0x00,0x00,0x00,0x00,0x00,0x00,0x00,0x00,
	0x00,0x00,0x00,0x00,0x00,0x00,0x00,0x00,0x00,0x00,0x00,0x00,0x00,0x00,0x00,0x00,
	0xd9,0x6d,0xb3,0xff,0xd9,0x6d,0xb3,0xff,0xd9,0x6d,0xb3,0xff,0xd9,0x6d,0xb3,0xff,
	0xd9,0x6d,0xb3,0xff,0xd9,0x6d,0xb3,0xff,0xd9,0x6d,0xb3,0xff,0xd9,0x6d,0xb3,0xff,
	0xd9,0x6d,0xb3,0xff,0xd9,0x6d,0xb3,0xff,0xd9,0x6d,0xb3,0xff,0xd9,0x6d,0xb3,0xff,
	0xd9,0x6d,0xb3,0xff,0xd9,0x6d,0xb3,0xff,0xd9,0x6d,0xb3,0xff,0xd9,0x6d,0xb3,0xff,
	0xd9,0x6d,0xb3,0xff,0xd9,0x6d,0xb3,0xff,0xd9,0x6d,0xb3,0xff,0xd9,0x6d,0xb3,0xff,
	0xd9,0x6d,0xb3,0xff,0xd9,0x6d,0xb3,0xff,0xd9,0x6d,0xb3,0xff,0xd8,0x6c,0xb2,0xff,
	0xd6,0x6b,0xb0,0xff,0xd2,0x69,0xad,0xff,0xcc,0x66,0xa8,0xff,0xc2,0x61,0xa0,0xff,
	0xb6,0x5b,0x96,0xff,0xaa,0x55,0x8c,0xff,0xa1,0x51,0x85,0xff,0x9f,0x4f,0x83,0xff,
	0xa2,0x51,0x86,0xff,0xab,0x55,0x8d,0xff,0xb6,0x5b,0x96,0xff,0xc2,0x61,0xa0,0xff,
	0xcc,0x66,0xa8,0xff,0xd3,0x6a,0xae,0xff,0xd6,0x6b,0xb0,0xff,0xd9,0x6d,0xb3,0xff,
	0xd9,0x6d,0xb3,0xff,0xd9,0x6d,0xb3,0xff,0xd9,0x6d,0xb3,0xff,0xd9,0x6d,0xb3,0xff,
	0xd9,0x6d,0xb3,0xff,0xd9,0x6d,0xb3,0xff,0xd9,0x6d,0xb3,0xff,0xd9,0x6d,0xb3,0xff,
	0xd9,0x6d,0xb3,0xff,0xd9,0x6d,0xb3,0xff,0xd9,0x6d,0xb3,0xff,0xd9,0x6d,0xb3,0xff,
	0xd9,0x6d,0xb3,0xff,0xd9,0x6d,0xb3,0xff,0xd9,0x6d,0xb3,0xff,0xd9,0x6d,0xb3,0xff,
	0xd9,0x6d,0xb3,0xff,0xd9,0x6d,0xb3,0xff,0xd9,0x6d,0xb3,0xff,0xd9,0x6d,0xb3,0xff,
	0xd9,0x6d,0xb3,0xff,0xd9,0x6d,0xb3,0xff,0xd9,0x6d,0xb3,0xff,0xff,0x00,0xff,0xff,
	0x00,0x00,0x00,0x00,0x00,0x00,0x00,0x00,0x00,0x00,0x00,0x00,0x00,0x00,0x00,0x00,
	0x00,0x00,0x00,0x00,0x00,0x00,0x00,0x00,0x00,0x00,0x00,0x00,0x00,0x00,0x00,0x00,
	0x00,0x00,0x00,0x00,0x00,0x00,0x00,0x00,0x00,0x00,0x00,0x00,0x00,0x00,0x00,0x00,
	0x00,0x00,0x00,0x00,0x00,0x00,0x00,0x00,0x00,0x00,0x00,0x00,0x00,0x00,0x00,0x00,
	0x00,0x00,0x00,0x00,0x00,0x00,0x00,0x00,0x00,0x00,0x00,0x00,0x00,0x00,0x00,0x00,
	0x00,0x00,0x00,0x00,0x00,0x00,0x00,0x00,0x00,0x00,0x00,0x00,0x00,0x00,0x00,0x00,
	0x00,0x00,0x00,0x00,0x00,0x00,0x00,0x00,0x00,0x00,0x00,0x00,0x00,0x00,0x00,0x00,
	0x00,0x00,0x00,0x00,0x00,0x00,0x00,0x00,0x00,0x00,0x00,0x00,0x00,0x00,0x00,0x00,
	0x00,0x00,0x00,0x00,0x00,0x00,0x00,0x00,0x00,0x00,0x00,0x00,0x00,0x00,0x00,0x00,
	0x00,0x00,0x00,0x00,0x00,0x00,0x00,0x00,0x00,0x00,0x00,0x00,0x00,0x00,0x00,0x00,
	0x00,0x00,0x00,0x00,0x00,0x00,0x00,0x00,0x00,0x00,0x00,0x00,0x00,0x00,0x00,0x00,
	0x00,0x00,0x00,0x00,0x00,0x00,0x00,0x00,0x00,0x00,0x00,0x00,0x00,0x00,0x00,0x00,
	0x00,0x00,0x00,0x00,0x00,0x00,0x00,0x00,0x00,0x00,0x00,0x00,0x00,0x00,0x00,0x00,
	0x00,0x00,0x00,0x00,0x00,0x00,0x00,0x00,0x00,0x00,0x00,0x00,0x00,0x00,0x00,0x00,
	0x00,0x00,0x00,0x00,0x00,0x00,0x00,0x00,0x00,0x00,0x00,0x00,0x00,0x00,0x00,0x00,
	0x00,0x00,0x00,0x00,0x00,0x00,0x00,0x00,0x00,0x00,0x00,0x00,0x00,0x00,0x00,0x00,
	0xff,0x00,0xff,0xff,0xff,0x00,0xff,0xff,0xff,0x00,0xff,0xff,0xff,0x00,0xff,0xff,
	0xff,0x00,0xff,0xff,0xff,0x00,0xff,0xff,0xff,0x00,0xff,0xff,0xff,0x00,0xff,0xff,
	0xff,0x00,0xff,0xff,0xff,0x00,0xff,0xff,0xff,0x00,0xff,0xff,0xff,0x00,0xff,0xff,
	0xff,0x00,0xff,0xff,0xff,0x00,0xff,0xff,0xff,0x00,0xff,0xff,0xff,0x00,0xff,0xff,
	0xff,0x00,0xff,0xff,0xff,0x00,0xff,0xff,0xff,0x00,0xff,0xff,0xff,0x00,0xff,0xff,
	0xff,0x00,0xff,0xff,0xff,0x00,0xff,0xff,0xff,0x00,0xff,0xff,0xff,0x00,0xff,0xff,
	0xff,0x00,0xff,0xff,0xff,0x00,0xff,0xff,0xff,0x00,0xff,0xff,0xff,0x00,0xff,0xff,
	0xff,0x00,0xff,0xff,0xff,0x00,0xff,0xff,0xff,0x00,0xff,0xff,0xff,0x00,0xff,0xff,
	0xff,0x00,0xff,0xff,0xff,0x00,0xff,0xff,0xff,0x00,0xff,0xff,0xff,0x00,0xff,0xff,
	0xff,0x00,0xff,0xff,0xff,0x00,0xff,0xff,0xff,0x00,0xff,0xff,0xff,0x00,0xff,0xff,
	0xff,0x00,0xff,0xff,0xff,0x00,0xff,0xff,0xff,0x00,0xff,0xff,0xff,0x00,0xff,0xff,
	0xff,0x00,0xff,0xff,0xff,0x00,0xff,0xff,0xff,0x00,0xff,0xff,0xff,0x00,0xff,0xff,
	0xff,0x00,0xff,0xff,0xff,0x00,0xff,0xff,0xff,0x00,0xff,0xff,0xff,0x00,0xff,0xff,
	0xff,0x00,0xff,0xff,0xff,0x00,0xff,0xff,0xff,0x00,0xff,0xff,0xff,0x00,0xff,0xff,
	0xff,0x00,0xff,0xff,0xff,0x00,0xff,0xff,0xff,0x00,0xff,0xff,0xff,0x00,0xff,0xff,
	0xff,0x00,0xff,0xff,0xff,0x00,0xff,0xff,0xff,0x00,0xff,0xff,0xff,0x00,0xff,0xff,
	0x00,0x00,0x00,0x00,0x00,0x00,0x00,0x00,0x00,0x00,0x00,0x00,0x00,0x00,0x00,0x00,
	0x00,0x00,0x00,0x00,0x00,0x00,0x00,0x00,0x00,0x00,0x00,0x00,0x00,0x00,0x00,0x00,
	0x00,0x00,0x00,0x00,0x00,0x00,0x00,0x00,0x00,0x00,0x00,0x00,0x00,0x00,0x00,0x00,
	0x00,0x00,0x00,0x00,0x00,0x00,0x00,0x00,0x00,0x00,0x00,0x00,0x00,0x00,0x00,0x00,
	0x00,0x00,0x00,0x00,0x00,0x00,0x00,0x00,0x00,0x00,0x00,0x00,0x00,0x00,0x00,0x00,
	0x00,0x00,0x00,0x00,0x00,0x00,0x00,0x00,0x00,0x00,0x00,0x00,0x00,0x00,0x00,0x00,
	0x00,0x00,0x00,0x00,0x00,0x00,0x00,0x00,0x00,0x00,0x00,0x00,0x00,0x00,0x00,0x00,
	0x00,0x00,0x00,0x00,0x00,0x00,0x00,0x00,0x00,0x00,0x00,0x00,0x00,0x00,0x00,0x00,
	0x00,0x00,0x00,0x00,0x00,0x00,0x00,0x00,0x00,0x00,0x00,0x00,0x00,0x00,0x00,0x00,
	0x00,0x00,0x00,0x00,0x00,0x00,0x00,0x00,0x00,0x00,0x00,0x00,0x00,0x00,0x00,0x00,
	0x00,0x00,0x00,0x00,0x00,0x00,0x00,0x00,0x00,0x00,0x00,0x00,0x00,0x00,0x00,0x00,
	0x00,0x00,0x00,0x00,0x00,0x00,0x00,0x00,0x00,0x00,0x00,0x00,0x00,0x00,0x00,0x00,
};

#endif // AP_BOX_TEXTURE_DATA_H
